,ISBN,Book-Title,Book-Author,Year-Of-Publication,Publisher,Book-Rating
665349,0385318723,Breach of Promise,Perri O'Shaughnessy,1998,Bantam Dell Pub Group,0
859043,0312283369,No One Thinks of Greenland : A Novel,John Griesemer,2002,Picador,4
655513,0060935979,Gloria : A Novel,Keith Maillard,2001,Perennial,0
793086,0609802410,Moosewood Restaurant New Classics,The Moosewood Collective,2001,Clarkson N Potter Publishers,8
262059,0375703063,A Virtuous Woman (Oprah's Book Club (Paperback)),Kaye Gibbons,1997,Vintage Books,7
466758,0451402502,Impulse,Catherine Coulter,1996,Onyx Books,0
465159,0440204275,Killing Time in St. Cloud,Judith Guest,1989,Dell Publishing Company,0
663397,0373790759,"Game for Anything (Harlequin Blaze, No 71)",Cara Summers,2003,Harlequin,0
76714,0440940001,Island of the Blue Dolphins (Laurel Leaf Books),Scott O'Dell,1978,Laure Leaf,10
138047,0451201507,Drudge Manifesto,Matt Drudge,2000,New American Library,0
923277,3772512194,Durch das NadelÃ?Â¶hr. Ein Leben mit der Anthroposophie.,Bernard C. J. Lievegoed,1992,Freies Geistesleben,0
173826,0060959037,Prodigal Summer: A Novel,Barbara Kingsolver,2001,Perennial,9
688550,0373245394,Midnight Cravings,Elizabeth Harbison,2003,Silhouette,0
107191,0345351525,The Queen of the Damned (Vampire Chronicles (Paperback)),Anne Rice,1993,Ballantine Books,0
331256,0394712528,One of ours,Willa Cather,1971,Vintage Books,8
768731,0373764839,The Playboy &amp; Plain Jane  (Dynasties: The Barones),Leanne Banks,2003,Silhouette,0
648898,0380008319,A 3: Sign of the Unicorn (Amber Novels (Paperback)),Roger Zelazny,1999,Avon,5
776000,1885865139,Fetish Fantastic Erotica on the Edge,Cecilia Tan,1999,Circlet Press,8
331736,0425163865,Detective: A Novel,Arthur Hailey,1998,Berkley Publishing Group,10
198720,087542791X,To Ride a Silver Broomstick: New Generation Witchcraft,Silver Ravenwolf,1993,Llewellyn Publications,10
471095,0553572946,Endymion,DAN SIMMONS,1996,Bantam,7
260429,0671001132,DEAD BY SUNSET : DEAD BY SUNSET,Ann Rule,1996,Pocket,8
469686,0141001763,Ravelstein (Penguin Great Books of the 20th Century),Saul Bellow,2001,Penguin Books,0
909910,8466304398,Armand El Vampiro,Anne Rice,2002,Distribooks,0
765824,0609603272,Dave Barry Turns 50,Dave Barry,1998,Crown Publishers,0
90447,0449212602,The Handmaid's Tale,Margaret Atwood,1989,Fawcett Books,0
747848,0312966016,"All Emergencies, Ring Super (Dead Letter Mysteries)",Ellen Emerson White,1998,St. Martin's Press,7
101752,0064409430,"The Magician's Nephew (The Chronicles of Narnia, Book 1, Full-Color Collector's Edition)",C. S. Lewis,2000,HarperTrophy,8
2015,0971880107,Wild Animus,Rich Shapero,2004,Too Far,0
166018,0345391055,Disclosure,Michael Crichton,1994,Ballantine Books,0
333980,0451162919,Garden of Lies (Signet Shakespeare),Eileen Goudge,1994,Signet Book,7
670497,0440202620,If My Love Could Hold You,Elaine Coffman,1991,Dell Publishing Company,0
284114,0425104346,Darkfall,Dean R. Koontz,1996,Berkley Publishing Group,0
418878,067179065X,Probe (Star Trek),Margeret Wander Bonanno,1993,Star Trek,0
665903,055357406X,The First Twelve Months of Life: Your Baby's Growth Month by Month,Frank Caplan,1995,Bantam Books,0
364784,0671785699,BAD DREAMS (FEAR STREET ) : BAD DREAMS,R.L. Stine,1994,Simon Pulse,0
123713,0679746048,"Girl, Interrupted",SUSANNA KAYSEN,1994,Vintage,5
730225,0451193008,Shroud for the Archbishop: A Sister Fidelma Mystery (Sister Fidelma Mysteries (Paperback)),Peter Tremayne,1998,Signet Book,0
637752,0671867296,Imzadi (Star Trek: The Next Generation),Peter David,1993,Star Trek,9
159147,0553568051,The Curious Eat Themselves,John Straley,1995,Bantam Books,0
906597,1558672095,Wraps and Roll-Ups (Nitty Gritty Cookbooks),Dona Z. Meilach,1999,Bristol Publishing Enterprises,5
686144,1551667487,Return To Me,Rosemary Rogers,2003,Mira,0
268726,0061093335,"Nora, Nora: A Novel",Anne Rivers Siddons,2001,HarperTorch,0
588211,0061054909,Love in Vein,Poppy Z. Brite,1995,Eos,6
689818,3453189310,Die Prophezeiungen von Celestine. Ein Abenteuer.,James Redfield,2001,Heyne,0
442737,0373077513,"Woman Without A Name (Harlequin Intimate Moments, No 751)",Emilie Richards,1996,Silhouette,0
679005,0671673645,"Loves Music, Loves to Dance",Mary Higgins Clark,1991,Simon &amp; Schuster,0
597715,0192827596,Persuasion (World's Classics),Jane Austen,1990,Oxford University Press,0
199039,0312983271,Full House (Janet Evanovich's Full Series),Janet Evanovich,2002,St. Martin's Paperbacks,0
708279,0515115223,Honorable Enemies,Joe Weber,1994,Jove Books,0
282535,0385413041,Beach Music,PAT CONROY,1995,Nan A. Talese,0
517478,3423078421,Der gelbe Vogel.,Myron Levoy,2002,Dtv,0
467711,1575667622,Kentucky Heat,Fern Michaels,2002,Kensington Publishing Corporation,0
975274,000200545X,Elegance,Kathleen Tessaro,2003,HarperCollins Publishers,0
515813,0812511069,Destiny's Road,Larry Niven,1998,Tor Science Fiction,7
439738,0515116750,Born in Ice,Nora Roberts,1996,Berkley Publishing Group,0
887819,0449144895,Mormon Wives,Ann Zavala,1982,Fawcett Books,0
126687,1558743669,"A Child Called \It\"": One Child's Courage to Survive""",Dave Pelzer,1995,Health Communications,9
36506,193072229X,MoveOn's 50 Ways to Love Your Country: How to Find Your Political Voice and Become a Catalyst for Change,Moveon,2004,Inner Ocean Publishing,0
994567,0684873591,The Stories of Eva Luna,Isabel Allende,1999,Scribner,5
461877,0345387554,The Horse You Came In On,Martha Grimes,1996,Ballantine Books,2
734399,0805000313,Never Sniff a Gift Fish,Patrick J. McManus,1989,Owl Books (NY),10
568143,0425182681,The Keys of Hell,Jack Higgins,2001,Berkley Publishing Group,6
753059,067972575X,The Tin Drum (Vintage International),Gunter Grass,1990,Vintage Books USA,10
152095,0380720132,The Mystery of the Cupboard (Indian in the Cupboard),Lynne Reid Banks,1999,HarperTrophy,0
538190,0684863472,A Heartbreaking Work Of Staggering Genius : A Memoir Based on a True Story,Dave Eggers,2000,Simon &amp; Schuster,0
199259,0446670111,Einstein's Dreams,Alan Lightman,1994,Warner Books,0
387933,0515087122,The Cat Who Ate Danish Modern (Cat Who... (Paperback)),Lilian Jackson Braun,1990,Jove Books,0
841508,0525946616,"Octopus and the Orangutan: More True Tales of Animal Intrigue, Intelligence, and Ingenuity",Eugene Linden,2002,Dutton Books,0
400796,0374199698,Middlesex: A Novel,Jeffrey Eugenides,2002,"Farrar, Straus and Giroux",10
659059,0849933137,Splashes Of Joy In The Cesspools Of Life,Barbara Johnson,1992,W Publishing Group,9
397032,8478884955,Harry Potter y la cÃ¡mara secreta,J. K. Rowling,1999,Lectorum Publications,7
712017,0801512492,Children: The Challenge,Rudolf Dreikurs,1976,Hawthorn Books,8
641577,0804118264,A Return to Christmas,CHRIS HEIMERDINGER,1999,Ivy Books,0
946332,0520212754,The Unruly Queen: The Life of Queen Caroline,Flora Fraser,1997,University of California Press,0
129195,0425143325,Without Remorse,Tom Clancy,2004,Berkley Publishing Group,0
852666,0595200656,Summer Girl,Caroline Crane,2001,Mystery Writers of America Presents,7
449471,201620768X,Soins du corps,DorothÃ?Â©e BourguÃ?Â¨s,1998,Petits Pratiques Hachette,0
915968,0316707376,A Gathering of Gargoyles ([The Darkangel trilogy),Meredith Ann Pierce,1984,Little Brown &amp; Co,8
1022178,0316796441,"The Long Ball : The Summer of '75 -- Spaceman, Catfish, Charlie Hustle, and the Greatest World Series Ever Played",Tom Adelman,2004,Back Bay Books,10
378267,0440224594,The Return Journey,MAEVE BINCHY,1999,Dell,0
334052,0345442768,Swimming (Ballantine Reader's Circle),Joanna Hershon,2002,Ballantine Books,5
147171,0440225892,"The Heiress (Bride Quest Series, 3)",Claire Delacroix,1999,Dell Publishing Company,7
310370,0380820757,My Brother Michael,Mary Stewart,2001,HarperTorch,0
669287,1565654838,The Alzheimer's Sourcebook for Caregivers: A Practical Guide for Getting Through the Day,Frena Gray-Davidson,1996,McGraw Hill - NTC,6
477141,0807553913,"Mystery Ranch (Boxcar Children Series, No 4)",Gertrude Chandler Warner,1989,Albert Whitman &amp; Company,0
583560,0684196395,ONE FOR THE MONEY : A Stephanie Plum Novel,Janet Evanovich,1994,Scribner,0
800843,1559722509,Oprah Winfrey: The Real Story,George Mair,1994,Carol Publishing Corporation,0
978583,3451272954,Poesie der Erde. Im Einklang mit der Natur.,Max Schmid,2000,"Herder, Freiburg",10
197738,0880389052,"Homeland (Forgotten Realms: The Dark Elf Trilogy, Book 1)",R.A. Salvatore,1990,Wizards of the Coast,0
851833,8440676077,La bella durmiente,Rice,2001,Ediciones B,5
853264,0517701529,Beauty,Susan Wilson,1996,Random House Inc,10
878900,0689825773,My Bridges of Hope,Livia Bitton-Jackson,2001,Simon Pulse,0
375570,1575663783,Moving on: The Gay Man's Guide for Coping When a Relationship Ends,Dann Hazel,1999,Kensington Publishing Corporation,0
950476,1898323496,"India by Rail, 3rd (Bradt Rail Guides)",Royston Ellis,1997,Bradt Travel Guides,8
599326,0864425295,"Brief Encounters: stories of love, sex &amp; travel",Michelle De Kretser,1998,Lonely Planet Publications,0
716829,0771054548,Story of My Life,Jay McInerney,1989,McClelland &amp; Stewart,0
797973,0312863586,Dracula,Bram Stoker,1997,Tor Books,10
134653,0451207378,Ravished (Signet Historical Romance),Virginia Henley,2002,Signet Book,9
224898,0440222656,The Horse Whisperer,Nicholas Evans,1996,Dell,0
492943,0812500881,Sand in the Wind,Kathleen O'Neal Gear,1990,Tor Books,6
127409,0399147284,Chosen Prey,John Sandford,2001,G. P. Putnam's Sons,9
912764,0445041927,Speedboat,Renata Adler,1978,Warner Books,0
803805,0440161029,Murder On the Links,Agatha Christie,1983,Bantam Doubleday Dell,0
225477,0316899984,"River, Cross My Heart",Breena Clarke,1999,Little Brown &amp; Company,0
7598,0316769487,The Catcher in the Rye,J.D. Salinger,1991,"Little, Brown",0
855247,0395082544,"The Fellowship of the Ring: Being the First Part of the Lord of the Rings (The Lord of the Rings / By J.R.R. Tolkien, Pt. 1)",J. R. R. Tolkien,1967,Houghton Mifflin Co,0
62434,1573225789,The Color of Water: A Black Man's Tribute to His White Mother,James McBride,1997,Riverhead Books,0
86627,0440224608,Siberian Light,Robin A. White,1998,Dell Publishing Company,0
282575,0451523385,Wuthering Heights (Signet Classic),Emily Bronte,1993,Signet Book,0
660721,0449149056,Mrs. Pollifax and the Second Thief,Dorothy Gilman,1995,Ballantine Books,0
515519,0702225711,Lives on fire,Rosie Scott,0,University of Queensland Press,0
904578,0380764016,Free the Conroy Seven (An Avon Flare Book),Jane McFann,1993,Harpercollins Juvenile Books,0
292311,0786889306,Cimarron Rose,James Lee Burke,1998,Hyperion,0
997493,038549159X,Name the Baby,Mark Cirino,1998,Anchor Books/Doubleday,0
873742,0789405695,Dog Breed Handbooks: Labrador Retriever,Bruce Dr. Fogle,1996,DK Publishing Inc,9
869226,0439208491,Santa Paws to the Rescue (Santa Paws),Nicholas Edwards,2000,Scholastic,7
964095,0671745328,Final Fear (Gray Investigative Thrillers),Philip Harper,1993,Simon &amp; Schuster,0
387448,0451525264,Les Miserables a New Unabridged Translation (Signet Classics),Victor Hugo,1987,Signet Book,0
914560,0747239304,The Winged Man,Moyra Caldecott,1994,Trafalgar Square,0
52416,1573229385,The Frog King: A Love Story,Adam Davies,2002,Riverhead Books,8
609048,0373710968,operation : mistletoe  (the special agents),Roxanne Rustand,2002,Harlequin,0
476869,1551666561,Letting Go,Pamela Morsi,2003,Mira Books,8
113836,051513287X,Face the Fire (Three Sisters Island Trilogy),Nora Roberts,2002,Jove Books,0
314627,8486597161,"OperaciÃ³n \Mendi\"" (Orreaga)""",Manuel Blanco Chivite,1991,Txalaparta,0
352189,0061054887,The Dispossessed: An Ambiguous Utopia,Ursula K. Le Guin,1994,Eos,6
972450,0877207585,Vocabulary for the College Bound Student #R573S (3rd rev ed),Harold Levine,1993,Amsco School Pubns Inc,5
235808,0553569619,When the Bough Breaks (Alex Delaware Novels (Paperback)),Jonathan Kellerman,1994,Bantam Books,0
578480,0590442368,The Baby-Sitter (Babysitter),R. L. Stine,1989,Scholastic,0
632560,0091831237,Reach for the Dream,Anne Rennie,1997,Random House Australia,0
962169,0671875353,FUZZY LOGIC: THE REVOLUTIONARY COMPUTER TECHNOLOGY THAT IS CHANGING OUR WORLD,Daniel Mcneill,1994,Simon &amp; Schuster,0
17899,0060987103,Wicked: The Life and Times of the Wicked Witch of the West,Gregory Maguire,1996,Regan Books,0
610428,0860514501,Something to fall back on,Maureen Lipman,1987,Robson Books,10
879062,0802754155,The lord mayor of death,Marian Babson,1979,Walker,0
664157,0893750700,I Can Read About Weather (I Can Read About),Robyn Supraner,1975,Troll Communications,0
581912,1859580289,Quiant Signs of Olde Inns,G.J. Monson-Fitzjohn,1994,Aidc,0
115678,0312291639,The Nanny Diaries: A Novel,Emma McLaughlin,2003,St. Martin's Griffin,0
536730,0873523792,MLA Handbook for Writers of Research Papers,Joseph Gibaldi,1988,Modern Language Assn of Amer,10
85858,0345380371,Rising Sun,MICHAEL CRICHTON,1992,Ballantine Books,0
565705,037324407X,Handprints (Silhouette 1407),Myrna Temte,2001,Silhouette,8
671006,039483013X,The Berenstain Bears and the In-Crowd (First Time Books),Stan Berenstain,1989,Random House Books for Young Readers,0
126901,084236661X,The Strong-Willed Child: Birth Through Adolescence,James Dobson,1985,Tyndale House Publishers,9
139342,0446365505,Pleading Guilty,Scott Turow,1994,Warner Books,0
375873,0670031909,Lost in a Good Book: A Thursday Next Novel,Jasper Fforde,2003,Viking Books,0
468384,0688163173,Shutter Island: A Novel,Dennis Lehane,2003,William Morrow,0
467116,006440188X,The Secret Garden,Frances Hodgson Burnett,1998,HarperTrophy,0
364668,0373289421,"Beauty And The Beast (Harlequin Historical, No 342)",Taylor Ryan,1996,Harlequin,8
673444,0345381807,Keeper of Cats,Elizabeth H. Boyer,1995,Del Rey Books,0
133969,0061097314,The Bean Trees,Barbara Kingsolver,1998,HarperTorch,6
284514,0375500995,What We Keep,ELIZABETH BERG,1998,Random House,9
906665,0140385525,Horrible Harry in Room 2B (Horrible Harry (Paperback)),Suzy Kline,1997,Puffin Books,0
941709,0684802244,FAMILY TERRORISTS,Antonya Nelson,1996,Scribner,0
48266,0440211727,A Time to Kill,JOHN GRISHAM,1992,Dell,8
442640,0380977338,I Wish I Had a Red Dress,Pearl Cleage,2001,William Morrow &amp; Company,10
484361,0440208939,How to Make Love All the Time : Make Love Last a Lifetime,BARBARA DE ANGELIS,1991,Dell,0
291957,3453150090,"Diana-TaschenbÃ?Â¼cher, Nr.1, Das grÃ?Â¼ne Akkordeon",Annie Proulx,1998,Heyne,0
986909,1556613318,"Too Many Secrets (Jennie Mcgrady Mystery, Book 1)",Patricia H. Rushford,1993,Baker Book House,9
1006580,0152339000,Hey-How for Halloween!,Lee Bennett Hopkins,1974,Harcourt,0
434346,0380750872,Secret Fire,Johanna Lindsey,1987,Avon,0
258571,1588720020,Crossing Over,John Edward,2001,John Edward (HAYLO),0
30041,0060915544,The Bean Trees,Barbara Kingsolver,1989,Perennial,0
224359,0440221595,The Glass Lake,Maeve Binchy,1996,Dell,0
978702,0374266395,The Smile of the Lamb,David Grossman,1991,Farrar Straus &amp; Giroux,3
767091,0140267581,An Irish Eye,John Hawkes,1998,Penguin USA,4
107857,0385265700,The Book of Ruth (Oprah's Book Club (Paperback)),Jane Hamilton,1990,Anchor,7
678293,0671894234,Federation (Star Trek),Judith Reeves-Stevens,1995,Star Trek,0
167849,0140185011,Travels With My Aunt (Twentieth Century Classics),Graham Greene,1993,Penguin Books,6
900440,1550172719,How to Get Your Lawn and Garden Off Drugs: Pesticide-Free Gardening for a Healthier Environment,Carole Rubin,2002,Harbour Publishing Co Ltd,0
864274,0140242708,The Flaming Corsage,William J. Kennedy,1997,Penguin Books,0
852233,0743504828,Hollywood Wives - The New Generation,Jackie Collins,2001,Simon &amp; Schuster Audio,7
683513,059093483X," Little Comic Shop of Horrors (Give Yourself Goosebumps, Book 17)",R. L. Stine,1997,Apple (Scholastic),0
201611,0439136369,Harry Potter and the Prisoner of Azkaban (Book 3),J. K. Rowling,2001,Scholastic,9
568739,0671008889,HIDDEN LATITUDES,Alison Anderson,1997,Scribner,0
17834,0060987103,Wicked: The Life and Times of the Wicked Witch of the West,Gregory Maguire,1996,Regan Books,8
255578,0446607274,Angels Flight (Detective Harry Bosch Mysteries),Michael Connelly,2000,Warner Books,3
89881,0156787334,A Room of One's Own,Virginia Woolf,1989,Harcourt,0
905917,0515084425,"Never Forget Love (Camfield Novel of Love, No 29)",Barbara Cartland,1986,Jove Books,5
824178,0451458869,Worlds That Weren't,Harry Turtledove,2002,Roc,9
944791,3423206039,G.L.A.M. ( GLAM).,Elke Naters,2003,Dtv,0
429648,0679768645,The Galton Case (Vintage Crime/Black Lizard),Ross Macdonald,1996,Vintage Books USA,0
868837,0892961538,Another Part of the City,Ed McBain,1986,Mysterious Press,7
206179,042513699X,Turtle Moon,Alice Hoffman,1993,Berkley Publishing Group,0
548844,0786830697,Disney's: Winnie the Pooh's - Silly Day,Bruce Talkington,1996,Disney Press,0
576983,206700011X,Michelin Paris Pocket Atlas Map No. 11 (Michelin Maps &amp; Atlases),Michelin Travel Publications,1999,Michelin Travel Publications,10
554118,0553272098,Daughter of the Eagle (Spanish Bit Saga Ser. Bk 6),Don Coldsmith,1991,Bantam Books,10
985558,0061319937,Native American Testimony: An Anthology of Indian and White Relations : First Encounter to Dispossession (Harper Torchbooks),Peter Nabokov,1984,Harpercollins Juvenile Books,8
414799,0553261258,High Hearts,Rita Mae Brown,1987,Bantam Books,0
983252,0307100049,"Look at You, Baby Face! (Golden Super Shape Books)",Madeline Carter,1996,Golden Books,0
771571,0943151163,Johnny The Homicidal Maniac : Director's Cut,Jhonen Vasquez,1999,SLG Publishing,0
715064,0394172957,Tropic of Capricorn,Henry Miller,1963,Random House~trade,0
622240,0821766414,Every Day,Marie Mosley,2001,Zebra Books,0
121841,0060987561,I Know This Much Is True,Wally Lamb,1999,Regan Books,0
991699,0671720902,ORION SHALL RISE,Poul Anderson,1991,Baen,0
550475,0374190666,Longitudes and Attitudes: Exploring the World After September 11,Thomas L. Friedman,2002,Farrar Straus &amp; Giroux,0
478866,0307000427,Shy Little Kitten's Secret Place,James Duncan Lawrence,1989,Golden Books,0
562333,1560255285,"Dark Harbor: Building House and Home on an Enchanted Island (Mehta, Ved, Continents of Exile.)",Ved Mehta,2003,Nation Books,0
986803,0669297909,Paragraphs and Essays,P. Joseph Canavan,1994,Houghton Mifflin College Div,8
806647,0670044369,Vinyl Cafe Diaries,Stuart McLean,2003,Penguin Books Canada,0
610380,1841490431,"Supertoys Last All Summer Long, and Other Stories of Future Time",Brian Wilson Aldiss,2001,Orbit Book Co.,7
647215,0446600733,Impulse,Michael Weaver,1994,Warner Books,0
466649,0064471101,The Magician's Nephew (rack) (Narnia),C. S. Lewis,2002,HarperCollins,7
466635,0064471101,The Magician's Nephew (rack) (Narnia),C. S. Lewis,2002,HarperCollins,0
952869,1555613411,The Practical Art of Baby Massage,Peter Walker,2001,Perseus Publishing,10
781622,0071351035,"Genealogy Online, Millennium Edition",Elizabeth Powell Crowe,1999,McGraw-Hill Osborne Media,0
937639,0811722627,"Sailing \the Annapolis Way\"": How to Master the Basic Techniques for Ocean, Lake, and River, As Taught at the Nation's Famous Sailing School""",Ernie Barta,1984,Stackpole Books,0
498397,3551551677,Harry Potter und der Stein der Weisen,Joanne K. Rowling,1999,Carlsen Verlag GmbH,4
303422,0451202902,Sweet Everlasting,Patricia Gaffney,2001,Signet Book,0
743493,0312254954,Delirium of the Brave,William Charles Harris,1999,St. Martin's Press,5
32100,0380710218,Postmortem,Patricia Daniels Cornwell,1993,Harper Mass Market Paperbacks (Mm),0
167595,0345413350,"The Golden Compass (His Dark Materials, Book 1)",PHILIP PULLMAN,1997,Del Rey,0
837582,0307122603,Winnie-The -Pooh All Year Long (A Golden sturdy shape book),Walt Disney,1981,Golden Books,0
658282,0684843129,TWO GIRLS FAT AND THIN,Mary Gaitskill,1998,Simon &amp; Schuster,8
274975,038531177X,Rain of Gold,VÃ­ctor E. VillaseÃ±or,1992,Delta,8
545019,006015957X,Roseanne: My Life As a Woman,Roseanne,1989,Harpercollins,0
952599,0553284819,The 25-Hour Woman,Sybil Stanton,1990,Bantam Books,0
732761,0394539516,Moscow Rules,Robert Moss,1985,Smithmark Pub,0
550514,0671882910,Hip Hop Til You Drop : HIP HOP TIL YOU DROP (FullHouseStephanie),Devra Newberger Speregen,1994,Simon Spotlight,0
105980,044020562X,One,Richard Bach,1989,Dell,0
204453,0441008534,Dead Until Dark (Southern Vampire Mysteries),Charlaine Harris,2001,Ace Books,8
940053,0863040497,"The Hundred Tales of Wisdon : Life, Teachings and Miracles of Jalaludin Rumi from Aflaki's Munaqib",Jalaludin Rumi,1992,"Octagon Press, Limited",0
550383,0451191404,Mountain Heather,Alexandra Raife,1998,Signet Book,6
183817,0440220602,The Chamber,John Grisham,1995,Dell Publishing Company,8
158850,0440201330,Five Bells and Bladebone,Martha Grimes,1993,Dell Publishing Company,0
1006751,0373022301,Harbor of Love,Anne Hampson,1979,Harliquin,0
221858,0312199406,Night of Many Dreams : A Novel,Gail Tsukiyama,1998,St. Martin's Griffin,0
275396,140003065X,A Fine Balance,Rohinton Mistry,2001,Vintage Books USA,0
371206,0590406205,Stuart Little,E.B. White,0,Scholastic Inc,0
739192,0380521830,The Brethren: Inside the Supreme Court,Bob Woodward,1996,Harper Mass Market Paperbacks,0
4992,0553582747,From the Corner of His Eye,Dean Koontz,2001,Bantam Books,0
549095,1551660598,Without A Trace,Nora Roberts,1996,Mira,0
846066,089608289X,On Power and Ideology: The Managua Lectures,Noam Chomsky,1987,South End Press,0
580106,0671035584,The New Yorker Book of Literary Cartoons,Bob Mankoff,2002,Washington Square Press,6
682256,0843950781,The Longest Single Note,Peter Crowther,2003,Leisure Books,7
899174,0932379451,More Dykes to Watch Out for (Dykes to Watch Out for),Alison Bechdel,1988,Firebrand Books,0
927282,3596108101,Der achte SchÃ?Â¶pfungstag. Roman.,Thornton Wilder,1991,"Fischer (Tb.), Frankfurt",4
341993,0671619055,FLOOD : Mississippi 1927,Andrew Vachss,1986,Pocket,10
120259,0399146431,The Bonesetter's Daughter,Amy Tan,2001,Putnam Publishing Group,8
535555,1575668181,Women on the Edge,Martin H. Greenberg,2000,Kensington Publishing Corporation,0
126607,0375412824,The Dive From Clausen's Pier (Alex Awards),ANN PACKER,2002,Knopf,0
174680,0374525641,The Spirit Catches You and You Fall Down,Anne Fadiman,1998,"Farrar, Straus and Giroux",10
592189,0446308404,Twilight Zone: The Movie,Robert Bloch,1983,Warner Books,0
63190,0385335881,Shopaholic Takes Manhattan (Summer Display Opportunity),Sophie Kinsella,2002,Delta,0
204845,0812516001,The Inheritor,Marion Zimmer Bradley,1984,Tor Books,7
850628,0517017474,U S A A Picture Memory,Bill Harris,1990,Crescent Books,10
212802,034543479X,A Widow for One Year,JOHN IRVING,2001,Fawcett,0
515379,0312903871,When Your Child Drives You Crazy,Eda LeShan,1986,St. Martin's Press,0
852084,0020778201,The Angry Book,Theodore Isaac Rubin,1977,Collier Books,0
872823,0026166208,Instrument Flying,Richard L. Taylor,1986,MacMillan Publishing Company.,8
582630,0671720937,Borders of Infinity,Lois McMaster Bujold,2001,Baen Books,0
442157,0061030023,Chameleon,Mark Burnell,2003,Avon Books,0
345814,0761107363,97 Ways to Make A Baby Laugh,Jack Moore,1997,Workman Publishing,10
601073,0380674394,Fifth Grade Magic,Beatrice Gormley,1984,Harpercollins Juvenile Books,0
299485,0425097722,Fatherhood,Bill Cosby,1994,Berkley Publishing Group,0
505139,0373709110,Man Like Mac (Harlequin Super Romance),Fay Robinson,2000,Harlequin,10
860087,0812545230,Against the Brotherhood: A Mycroft Holmes Novel (Mycroft Holmes Novels (Paperback)),Quinn Fawcett,1998,Tor Books,0
991956,0764100009,"Barron's Sat I How to Prepare for the Sat I (Barron's How to Prepare for Sat I, ed 20)",Sharon Weiner Green,1998,Barrons Educational Series Inc,0
941302,0451172191,Bizarre Crime,Brad Steiger,1992,New Amer Library (Mm),5
794516,0030000920,Dead men don't ski (An Inspector Henry Tibbett mystery),Patricia Moyes,1984,"Holt, Rinehart, and Winston",0
991613,0030447216,The case of the poisoned eclairs: A Masao Masuto mystery (A Rinehart suspense novel),E. V Cunningham,1979,"Holt, Rinehart and Winston",0
6435,0804106304,The Joy Luck Club,Amy Tan,1994,Prentice Hall (K-12),0
638962,0440205638,The Naked Heart,Jacqueline Briskin,1990,Dell Publishing Company,0
265514,0971181802,E-Wally and the Quest,Judy Shasek,2001,Inventeam Llc,5
746539,0345345541,Their Master's War,Mick Farren,1990,Del Rey Books,5
167007,006000438X,The Death of Vishnu: A Novel,Manil Suri,2002,Perennial,6
730780,3499156601,Geschnitten oder am StÃ?Â¼ck? Neues von Else Stratmann. ( rororo tomate).,Elke Heidenreich,1985,Rowohlt Tb.,5
576203,0684802090,SALT DANCERS: A NOVEL,Ursula Hegi,1995,Simon &amp; Schuster,7
773737,0385000421,Great Lion of God.,Taylor Caldwell,1970,Bantam Dell Pub Group,5
815921,1566196655,History of Scotland,Peter Fry,0,Barnes Noble Books,0
669476,3440069591,Der Kosmos - KÃ?Â¤ferfÃ?Â¼hrer. Die mitteleuropÃ?Â¤ischen KÃ?Â¤fer.,Karl Wilhelm Harde,2000,Franckh-Kosmos Verlag,10
206499,0440223547,"To Dream in the City of Sorrows (Babylon 5, Book 9)",Kathryn M. Drennan,1997,Dell,0
845314,0807044067,Outside the Law: Narratives on Justice in America,Susan Richards Shreve,1997,Beacon Press,0
607534,0671786172,Legends Lake,JoAnn Ross,2001,Pocket,7
237005,0446611778,Last Man Standing,David Baldacci,2002,Warner Vision,8
895786,0812531248,Sibs,F. Paul Wilson,1994,Tor Books (Mm),0
243044,0380818760,Beautiful Dreamer,Elizabeth Lowell,2001,Avon,0
890411,0140169083,It takes two to toyi-toyi: A survival guide to the New South Africa,Gus Silber,1991,Thorold's Africana Books [distributor],0
812191,0891079084,"Annie Henry and the Redcoats (Adventures of the American Revolution, Bk. 4)",Susan Olasky,1996,Good News Publishers,0
278142,0446519790,Unspeakable,Sandra Brown,1998,Replica Books,0
523411,0671748416,The Way Men Act: A Novel,Elinor Lipman,1993,Washington Square Press,5
603411,0515136824,Wild Rain,Christine Feehan,2004,Jove Books,10
411311,0373707657,"One More Rodeo (Harlequin Superromance, No 765)",Lynnette Kent,1997,Harlequin,0
73566,0316789844,Resistance : A Novel,Anita Shreve,1997,Back Bay Books,10
876666,0060919949,Moses Man of the Mountain,Zora Neale Hurston,1991,Perennial,9
1009020,3596260965,Selbstdarstellung. Schriften zur Geschichte der Psychoanalyse.,Sigmund Freud,1971,"Fischer (Tb.), Frankfurt",0
949198,0373253591,"Stuck On You (Temptation, No 259)",Kristine Rolofson,1989,Harlequin,0
421144,0345397819,Lasher: Lives of the Mayfair Witches (Lives of the Mayfair Witches),Anne Rice,1995,Ballantine Books,0
54618,0553273914,The House of the Spirits,Isabel Allende,1986,Bantam Books,10
6888,0140067477,The Tao of Pooh,Benjamin Hoff,1983,Penguin Books,0
911126,0140371494,The Sword and the Circle: King Arthur and the Knights of the Round Table,Rosemary Sutcliff,1994,Puffin Books,0
347654,0345303067,2010: Odyssey Two,Arthur C. Clarke,1984,Del Rey Books,0
729875,0590228544,The Terrorist (Point),Caroline B. Cooney,1999,Scholastic,8
27117,0553210092,The Scarlet Letter,NATHANIEL HAWTHORNE,1965,Bantam,0
44489,0316693200,2nd Chance,James Patterson,2002,"Little, Brown",10
816852,0451403398,Beyond Eden,Catherine Coulter,1996,Onyx Books,0
961827,0312181140,In the Deep Midwinter,Robert Clark,1998,Picador USA,9
204093,0061031070,Moving Target,Elizabeth Lowell,2002,Avon Books,5
917105,0910043655,Yobo: Korean American Writing in Hawai'I,Nora Keller,2003,University of Hawaii Press,10
274723,0345418263,The Princess Bride: S. Morgenstern's Classic Tale of True Love and High Adventure (Ballantine Reader's Circle),William Goldman,2003,Ballantine Books,0
444651,0446603589,Absolute Power,David Baldacci,1996,Warner Books,0
912218,0671557017,MIRROR CRACKD (Miss Marple Mysteries (Paperback)),Agatha Christie,1985,Pocket,8
648051,0140371990,Toby Takes the Cake (Angel Corners),Fran Manushkin,1995,Penguin USA,0
606417,1573228184,The Cigarette Girl,Carol Wolper,2000,Riverhead Books,8
925590,0373161344,"Reach For The Stars (Harlequin American Romance, No 134)",Cathy Gillen Thacker,1985,Harlequin,0
249978,0451187849,We the Living,Ayn Rand,1996,Signet Book,9
157216,0312978332,Name Dropping : What If Two Very Different Women Had The Same Exact Name?,Jane Heller,2001,St. Martin's Press,0
369117,0440944597,The Chocolate War (Laurel Leaf Books),ROBERT CORMIER,1986,Laurel Leaf,0
190266,1551667509,Haunted,Heather Graham,2003,Mira,0
489995,0886775825,Blood Pact (Daw Book Collectors),Tanya Huff,1997,Daw Books,0
489801,1573441546,Curbside Boys: The New York Years,Robert Kirby,2002,Cleis Press,9
805087,2290210315,Vas-y maman,Nicole de Buron,1999,J'ai lu,0
1016034,0684812134,GET A FINANCIAL LIFE : Personal Finance In Your Twenties And Thirties,Beth Kobliner,1996,Fireside,5
659737,0671533096,Virtuscube,Simon &amp; Schuster,1995,Simon &amp; Schuster Books,6
591323,1853260959,King Lear (Wordsworth Classics),William Shakespeare,1997,NTC/Contemporary Publishing Company,7
65951,044990928X,Operating Instructions: A Journal of My Son's First Year,Anne Lamott,1994,Ballantine Books,10
4492,0449005615,Seabiscuit: An American Legend,LAURA HILLENBRAND,2002,Ballantine Books,0
55803,0671003755,She's Come Undone (Oprah's Book Club (Paperback)),Wally Lamb,1996,Washington Square Press,9
329593,0553280643,The Gate to Women's Country,Sheri S. Tepper,1997,Spectra Books,0
176414,0515093556,Belinda,Anne Rice,1994,Jove Books,0
593176,0821774948,Highland Fire (Zebra Historical Romance),Elizabeth Thornton,2003,Zebra Books,0
214321,0451207645,The Oath,John Lescroart,2003,Signet Book,0
484553,0875961517,"Women's Encyclopedia of Health &amp; Emotional Healing: Top Women Doctors Share Their Unique Self-Help Advice on Your Body, Your Feelings and Your Life",Denise Foley,1993,St Martins Pr,0
375400,0380780879,Murder on a Bad Hair Day: A Southern Sisters Mystery,Anne George,1996,Avon,0
589894,0671788124,Reunion,Jenny Carroll,2001,Simon Pulse,9
503445,0380400634,The Enchanted Land,Jude Deveraux,1978,Avon,10
945657,0876669097,All About Tarantulas,Dale Lund,1977,TFH Publications,5
841398,0689714769,Harry Houdini : Young Magician,Kathryn Kilby Borland,1991,Aladdin,0
252481,0821769278,Plain Jane,Fern Michaels,2002,Zebra Books,0
223097,0449223043,Guardian,John Saul,1995,Fawcett Books,0
894382,0330305026,Song for Solomon,Toni Morrison,1989,Pan Macmillan,0
681023,0140274286,Brighton Rock (Essential.penguin S.),Graham Greene,1998,Penguin Books Ltd,8
157125,051512608X,The Reef,Nora Roberts,1999,Jove Books,0
360965,0446607207,Tell Me Your Dreams,Sidney Sheldon,1999,Warner Vision,6
719858,0449002810,Lethal Practice,Peter Clement,1998,Fawcett Books,0
948670,0373190506,"Miss Scrooge (Under The Mistletoe) (Silhouette Romance, No 1050)",Judy Collins,1994,Silhouette,0
671273,0786003677,Breakdown,William W. Johnstone,1997,Pinnacle Books,0
377698,055327824X,Of Mice and Men,JOHN STEINBECK,1983,Bantam,10
552911,0141000902,The Golden Bowl,Henry James,2001,Penguin Books,4
491832,0849943477,A Time To Embrace (Women of Faith Fiction),Karen Kingsbury,2002,WestBow Press,10
49221,0440130913,Golden Cup,Belva Plain,1987,Dell,0
484510,0679437460,Ordinary Life: Stories,ELIZABETH BERG,2002,Random House,7
691118,0440180368,A Small Town in Germany,JOHN LE CARRE,1969,Dell,0
193658,0345402308,Fourth Procedure,STANLEY POTTINGER,1995,Ballantine Books,0
864982,0061085170,The Princess Goes West,Nan Ryan,1998,HarperTorch,8
684598,0345370066,Spy Line,Len Deighton,1991,Ballantine Books,0
85090,0671537458,Waiting to Exhale,Terry McMillan,1995,Pocket,0
457803,0316358371,Flight 714 (The Adventures of Tintin),Herge,1975,"Little, Brown",0
978491,1592865992,The Spider in the Well: A Man's Journey to God,Lee Ann Ward,2003,Publishamerica,0
1007295,0590117653,Night Creatures (First Discovery Books),Sylvaine Perols,1998,Scholastic,9
1013772,0195102754,A Dictionary of Creation Myths (Oxford Paperback Reference S.),David Adams Leeming,1995,Oxford University Press,0
1026407,0531300609,Orchard's Little Green Book of Nursery Rhymes,Nila Aye,1998,Orchard Books (NY),0
773222,0373028350,"Love By Degree (Harlequin Romance, No. 2835)",Debbie MacOmber,1987,Harlequin,0
7262,1558531025,Life's Little Instruction Book (Life's Little Instruction Books (Paperback)),H. Jackson Brown,1991,Thomas Nelson,0
997453,0786816155,Summerland : A Novel,Michael Chabon,2004,Miramax Kids,0
893996,0345285670,BT-How Eat Like Child,Delia Ephron,1979,Ballantine Books,8
768850,0064420264,Flat Stanley (A Trophy Chapter Book),Jeff Brown,1996,HarperTrophy,9
877484,0380769670,"Silver Star (Seals: The Warrior Breed, Book 1)",H. Jay Riker,1993,Avon,0
421245,0553576232,Shadows and Lace,Teresa Medeiros,1996,Fanfare,0
367865,0340728256,Oxygen,Andrew Miller,2001,Sceptre,7
523402,0671748416,The Way Men Act: A Novel,Elinor Lipman,1993,Washington Square Press,0
740159,1592863574,A Stroke of Good Luck,Grace Rudolph,2003,Publishamerica,8
1031086,0553211994,The Jungle Books and Just So Stories,Kipling Rudyard,1986,Bantam Classics,8
606377,0553573608,How to Murder the Man of Your Dreams,Dorothy Cannell,1996,Bantam Books,0
436289,1551668416,Buffalo Valley,Debbie Macomber,2001,Mira,0
994348,0451130510,Crazy Ladies,Joyce Elbert,1984,Signet Book,0
507121,0449236102,Do What You Will,Oates,1982,Not Avail,0
609060,0452279844,Quiver: A Book of Erotic Tales,Tobsha Learner,1998,Plume Books,0
797992,344244635X,Die vergessene Zeit.,Peter Moore Smith,2002,Goldmann,0
67107,0345458915,The Sinner,TESS GERRITSEN,2003,Ballantine Books,7
616177,157673577X,Danger In The Shadows,Dee Henderson,1999,Multnomah,9
559677,0812502574,Serpent's Silver (Kelvin),Piers Anthony,1989,Tor Books,0
697537,034528710x,Han Solo and the Lost Legacy,Brian Daley,1980,Del Rey Books,0
316615,1591824141,".Hack: //Legend of the Twilight, Vol. 1",Tatsuya Hamazaki,2003,Tokyopop,6
603773,0380711214,Vanishing Ladies,Ed McBain,1991,Harper Mass Market Paperbacks (Mm),0
685163,0312310064,"Plane Insanity: A Flight Attendant's Tales of Sex, Rage, and Queasiness at 30,000 Feet",Elliot Hester,2003,St. Martin's Press,0
107718,0385265700,The Book of Ruth (Oprah's Book Club (Paperback)),Jane Hamilton,1990,Anchor,9
779396,0684843323,The Complete Short Stories Of Ernest Hemingway : The Finca Vigia Edition,Ernest Hemingway,1998,Scribner,0
576078,0380781948,How to Talk With Your Angels,Kim O'neill,1995,Avon,0
525749,0743406184,If Only It Were True,Marc Levy,2001,Pocket,0
837429,0958762619,The Basics of Permaculture Design,Ross Mars,1996,Rodale Institute,8
92998,0375727132,The Dive From Clausen's Pier : A Novel (Vintage Contemporaries (Paperback)),ANN PACKER,2003,Vintage,7
78478,0440226430,Summer Sisters,Judy Blume,1999,Dell Publishing Company,9
580508,0385504470,Lullaby : A Novel,CHUCK PALAHNIUK,2002,Doubleday,9
287623,1400060117,A Round-Heeled Woman : My Late-Life Adventures in Sex and Romance,JANE JUSKA,2003,Villard,0
34037,0449907481,A Thousand Acres (Ballantine Reader's Circle),JANE SMILEY,1992,Ballantine Books,9
607971,0373226233,"Mysterious Twin (Double Exposure) (Intrigue, 623)",Leona Karr,2001,Harlequin,0
413677,0805060367,The White Bone,Barbara Gowdy,1999,Metropolitan Books,0
817278,1594142394,The Vote (Five Star First Edition Mystery Series),T. D. Patterson,2004,Five Star (ME),8
193412,0312926456,"Unanswered Cries : A True Story Of Friends, Neighbors, And Murder In A Small Town",Thomas French,1992,St. Martin's Paperbacks,0
790175,0451202767,Straight on Til' Morning,Christopher Golden,2001,Signet Book,0
1021900,0345418247,Staggerford,Jon Hassler,1997,Ballantine Books,0
760867,1573225630,The Chess Garden,Brooks Hansen,1996,Riverhead Books,5
719582,0671823035,Dreams Die First,Harold Robbins,1978,Pocket Books,6
346462,038071907X,Nothing But The Truth: A Documentary Novel,Avi,1993,HarperTrophy,0
569491,0380001152,The Oath,Elie Wiesel,1971,Avon Books,0
483286,0671738690,The NEW BOY (FEAR STREET ) : THE NEW BOY,R.L. Stine,1994,Simon Pulse,0
582904,0684814609,GIOTTOS HAND : A Jonathan Argyll Mystery,Iain Pears,1997,Scribner,0
56166,0440215625,Dragonfly in Amber,DIANA GABALDON,1993,Dell,0
592345,0394725883,Dancing in the Dark/91201 (Vintage Contemporaries),Janet Hobhouse,1984,Vintage Books USA,0
851322,0590422219,"Tumbling Ghosts (The Gymnasts, 7)",Elizabeth Levy,1989,Scholastic Paperbacks (Mm),0
512041,0553262947,"Forbidden Love (Sweet Valley High, 34)",Kate William,1987,Bantam Books,0
179394,0441627404,The Once and Future King,T. H. White,1987,Ace Books,8
412027,0684832291,My Gal Sunday,Mary Higgins Clark,1996,Simon &amp; Schuster,7
226552,0380814803,The Pursuit (Avon Historical Romance),Johanna Lindsey,2003,Avon,0
397358,0425140040,For My Lady's Heart,Laura Kinsale,2004,Berkley Publishing Group,0
804171,3442726867,Geschichte vom alten Kind.,Jenny Erpenbeck,2001,btb,0
79692,1551669501,Diamond Spur,Diana Palmer,2002,Mira,10
482529,0312960344,Pandora's Clock,John J. Nance,1996,St. Martin's Press,8
333417,0451138775,Parachutes and Kisses,Erica Jong,1985,New Amer Library,5
563950,0515120995,Two Texas Hearts,Jodi Thomas,1997,Jove Books,0
814959,0821756389,Whitefire,Fern Michaels,1997,Kensington Pub Corp (Mm),0
13625,0345378490,Congo,Michael Crichton,1995,Ballantine Books,0
358261,0452266637,Beauty's Release,A. N. Roquelaure,1985,Plume Books,0
316575,1591820162,Love Hina (Book 5),Ken Akamatsu,2002,Tokyopop,10
552436,1573220183,"Living Buddha, Living Christ",Thich Nhat Hanh,1995,Riverhead Books,10
342545,0312421184,The Silence of the Rain: An Inspector Espinosa Mystery,Luiz Alfredo Garcia-Roza,2003,Picador USA,6
476512,0451185994,Snow Angel,Thom Racina,1997,Onyx Books,0
487945,0749309423,The Silence of the Lambs,Thomas Harris,1991,Mandarin,0
318092,0446610526,The Legend,Kathleen Givens,2002,Warner Forever,8
535345,0449909735,Dave Barry Is Not Making This Up,Dave Barry,1995,Ballantine Books,8
318797,0061099732,Outer Banks,Anne Rivers Siddons,1992,HarperTorch,0
696123,1575440369,The Art of Magic: The Companion to the Pbs Special,Carl Waldman,1998,General Publishing Group,0
702979,1561562092,The littlest dinosaur at the big carnival,Charyl Friedman,1993,Kidsbooks,5
580968,0552145807,The Dance of the Voodoo Handbag,Robert Rankin,1998,Bantam Pr Ltd,9
472953,0812544145,Cat in a Crimson Haze : A Midnight Louie Mystery (A Midnight Louie Mystery),Carole Nelson Douglas,1996,Forge Books,0
244211,0553287532,Wish You Were Here (Mrs. Murphy Mysteries (Paperback)),RITA MAE BROWN,1991,Bantam,0
1000237,0782128726,Mastering Windows 2000 Server (Third Edition),Mark Minasi,2001,Sybex Inc,9
495523,059033252X,Secret of the Dark,Barbara Steiner,1984,Scholastic,5
96676,0380014300,Nine Princes In Amber,Roger Zelazny,1977,Avon,10
810278,0880015861,Instant Lives  And More,Howard Moss,1998,Ecco,0
729256,0312962444,The Judgment (Judgement),William J Coughlin,1999,St. Martin's Press,6
290630,0802141293,Troll: A Love Story,Johanna Sinisalo,2004,Grove Press,6
246998,0880015829,The Sheltering Sky,Paul Bowles,1998,Ecco,0
128820,0440221471,The Runaway Jury,JOHN GRISHAM,1997,Dell,0
85664,0425169863,Point of Origin,Patricia Daniels Cornwell,1999,Berkley Publishing Group,0
255567,0446607274,Angels Flight (Detective Harry Bosch Mysteries),Michael Connelly,2000,Warner Books,0
232525,0140113428,The Cat Who Came for Christmas,Cleveland Amory,1989,Penguin USA,0
922167,0006337619,Women as mothers,Sheila Kitzinger,1978,Fontana,0
226350,0515130923,Dawn in Eclipse Bay,Jayne Ann Krentz,2001,Jove Books,0
663436,0515130621,Never a Bride,Amelia Grey,2001,Jove Books,8
487560,0425191192,McNally's Alibi: An Archy McNally Novel (Archy McNally Novels (Paperback)),Vincent Lardo,2003,Berkley Publishing Group,0
517170,3442448530,Die HirnkÃ?Â¶nigin.,Thea Dorn,2001,Goldmann,0
909185,0590414623,Doctor De Soto,William Steig,1987,Scholastic,0
537901,0345351681,The Journals of Sylvia Plath,Frances McCullough,1991,Ballantine Books,8
907884,0373058721,"Dreams And Schemes (Centerfolds) (Silhouette Desire, No 872)",Merline Lovelace,1994,Silhouette,0
847393,0671002740,A TALE OF TWO CITIES  (ENRICHED CLASSIC),Charles Dickens,1996,Pocket,0
1029183,0671728415,The Matter Myth: Dramatic Discoveries That Challenge Our Understanding of Physical Reality,Paul Davies,1992,Simon &amp; Schuster,0
110817,1558504184,Bradymania!: Everything You Always Wanted to Know - And a Few Things You Probably Didnt (25th Anniversary Edition),Elizabeth Moran,1995,Adams Media Corporation,8
401894,0874778867,The Artist's Way Morning Pages Journal: A Companion Volume to the Artist's Way,Julia Cameron,1998,Putnam Publishing Group,0
693652,0345434870,Eleanor of Aquitaine: A Life (Ballantine Reader's Circle),Alison Weir,2001,Ballantine Books,10
468056,0345341988,Death Notes,Ruth Rendell,1994,Fawcett Books,0
224261,0440221595,The Glass Lake,Maeve Binchy,1996,Dell,0
206482,0886771625,Tailchaser's Song,Tad Williams,1986,New Amer Library,8
899003,0872204847,Odyssey,Homer,2000,Hackett Publishing Company,0
199288,0446670111,Einstein's Dreams,Alan Lightman,1994,Warner Books,0
804204,0806976047,One Thousand and One Patchwork Designs,Maggie Malone,1990,Sterling Pub Co Inc,0
494726,0679766626,Last Orders,Graham Swift,1997,Vintage Books USA,0
654361,1551668939,Scandalous Miss Howard (Mira Historical Romance),Nan Ryan,2002,Mira,0
722787,0006480551,Dust to Dust: Stories,Timothy Findley,1998,Harpercollins Canada,8
459925,0812590260,Younger Than Springtime (O'Malley Novels (Forge Paperback)),Andrew M. Greeley,2000,Forge,0
124049,0440216745,Whispers,BELVA PLAIN,1994,Dell,7
20016,044023722X,A Painted House,John Grisham,2001,Dell Publishing Company,0
350561,0440213029,The Lilac Bus: Stories,Maeve Binchy,1992,Dell,0
39269,006015781X,Why Do Clocks Run Clockwise? and Other Imponderables: Mysteries of Everyday Life Explained,David Feldman,1987,Harpercollins,7
677364,0449244296,Athabasca,Alistair Maclean,1982,Ballantine Books,0
325573,0440237246,Area 51: Nosferatu,Robert Doherty,2003,Dell Publishing Company,0
423708,0671793896,Rules of Evidence,Jay Brandon,1992,Pocket,7
108312,0385424736,The Rainmaker,John Grisham,1995,Doubleday Books,10
1001441,0965145859,Fanciful Floral Beads of Leah Fairbanks and Her Gardens of Glass,James Kervin,2001,Self Published,0
54627,0553273914,The House of the Spirits,Isabel Allende,1986,Bantam Books,0
987751,8420617490,Los Tres Mosqueteros,Alejandro Dumas,1998,Alianza,0
1021284,0345365011,Confrontations: A Scientist's Search for Alien Contact,Jack Vallee,1991,Ballantine Books,0
826961,0449907821,Condition Critical: The Story of a Nurse Continues,Echo Heron,1994,Fawcett Books,9
431425,0312113420,James Herriot's Cat Stories,James Herriot,1994,St. Martin's Press,8
208857,0141007338,About a Boy,Nick Hornby,2002,Penguin Books Ltd,7
501735,043965548X,Harry Potter and the Prisoner of Azkaban (Harry Potter),J.K. Rowling,2004,Scholastic Paperbacks,0
995512,0679852964,"Beauty and the Beast (Step into Reading, Step 3, paper)",Deborah Hautzig,1995,Random House Children's Books,8
471584,0671695185,BLUE WORLD : BLUE WORLD,Robert McCammon,1990,Pocket,0
659289,0140033025,Miguel Street,V. S. Naipaul,1993,Penguin Books,0
491972,0451455169,"Retaliation (Stargate, Book 2)",Bill McCay,1996,Roc,0
74823,0743405978,Bless the Child,Cathy Cash Spellman,2000,Pocket,7
820725,0451208838,Waking the Princess,Susan King,2003,Signet Book,0
191649,0375504613,A Short Guide to a Happy Life,ANNA QUINDLEN,2000,Random House,0
301781,0440201926,Kaleidoscope,Danielle Steel,1988,Dell,0
877706,044661307X,The Mocking Program,Alan Dean Foster,2003,Aspect,2
653393,0786861541,I'm Only One Man!,Regis Philbin,1995,Hyperion Books,6
325613,0440359376,"Meet My Maker, the Mad Molecule",J. P. Donleavy,1981,Bantam Books (Mm),0
870741,0446521094,The Barbed Coil,J. V. Jones,1997,Warner Books,7
132158,055357230X,The Clinic (Alex Delaware Novels (Paperback)),Jonathan Kellerman,1999,Bantam Books,0
499690,0312874499,For Love and Glory,Poul Anderson,2003,Tor Books,9
550767,3453025547,Amok. Roman.,Richard Bachman,1996,Heyne,0
390751,0679741666,A Lesson Before Dying (Vintage Contemporaries),Ernest J. Gaines,1994,Random House Inc,0
431333,055327953X,To Be the Best,Barbara Taylor Bradford,1992,Bantam Books,0
377199,0380978407,"Lamb: The Gospel According to Biff, Christ's Childhood Pal",Christopher Moore,2002,William Morrow &amp; Company,0
720634,0871132907,The Cry of the Owl,Patricia Highsmith,1989,Atlantic Monthly Press,0
310110,0064472795,"Princess in the Spotlight (The Princess Diaries, Vol. 2)",Meg Cabot,2002,HarperTrophy,8
774302,0843940530,Defiant Hearts,Melody Morgan,1996,Leisure Books,0
183196,0553210823,The Canterbury Tales (Bantam Classics),Geoffrey Chaucer,1982,Bantam,0
425566,0671021354,Child of the Hunt (Buffy the Vampire Slayer),Christopher Golden,1998,Simon Spotlight Entertainment,1
1016552,0340233486,Anything you ask (Hodder Christian paperbacks),Colin Urquhart,1978,Hodder and Stoughton,0
116011,0312291639,The Nanny Diaries: A Novel,Emma McLaughlin,2003,St. Martin's Griffin,0
286816,039305747X,Crescent: A Novel,Diana Abu-Jaber,2003,W. W. Norton &amp; Company,10
94353,0446603708,Clay's Ark,Octavia E. Butler,1996,Warner Books,0
354027,0425132153,"Good Omens: The Nice and Accurate Prophecies of Agnes Nutter, Witch",Neil Gaiman,1995,Berkley Pub Group,0
377575,0425135020,The Empress File,John Sandford,2001,Berkley Publishing Group,0
745299,042509846X,Titan,John Varley,1986,Berkley Publishing Group,0
1024734,1555835503,Witness to the League of Blond Hip Hop Dancers,Donna Allegra,2000,Alyson Publications,0
912307,0316359408,"The Adventures of Tintin: Tintin in America / Cigars of the Pharaoh / The Blue Lotus (3 Complete Adventures in One Volume, Vol. 1)",HergÃ©,1994,"Little, Brown",7
575077,0380717115,The Rain Catchers,Jean Thesman,1992,HarperTrophy,0
12358,044651747X,Puerto Vallarta Squeeze,Robert James Waller,1995,Warner Books,0
290784,0451160533,She Who Remembers,Linda Lay Shuler,1989,Signet Book,0
455121,1582343292,Bad Hair,James Innes-Smith,2002,Bloomsbury USA,0
19198,0451526341,Animal Farm,George Orwell,2004,Signet,10
932392,0788795007,A Scandalous Marriage,Cathy Maxwell,2003,Recorded Books,0
602699,0671047337,Separation of Power (Mitch Rapp Novels),Vince Flynn,2001,Atria,7
480005,0373870035,Risk Of Loving (Love Inspired (Numbered)),Jane Peart,1997,Steeple Hill,0
481505,0373121423,"Prince Of Deceit (Xmas) (Presents, 2142)",Cathy Williams,2000,Harlequin,0
996177,0553572547,"Furious Gulf: A Galactic Center (Galactic Center, No 5)",Gregory Benford,1995,Spectra Books,9
7751,0316769487,The Catcher in the Rye,J.D. Salinger,1991,"Little, Brown",0
1007894,1869893417,"Codex Dark Eldar (Warhammer 40,000 Codex)",J. Johnson,1998,Games Workshop Ltd,0
1001226,0340551887,The King's Irishman,Robert Moss,1991,Hodder &amp; Stoughton General Division,0
915098,0964266032,Strange Dreams: Collected Stories and Drawings,Brian Andreas,1998,Storypeople,5
623477,0060808934,Skinwalkers,Tony Hillerman,1987,Harpercollins Publisher,0
634254,0671496174,Robert Frost's Poems,Robert Frost,1991,Pocket Books,10
758434,2290311472,NÃ?Â©fertiti,Jacqueline Dauxois,2001,J'ai lu,0
60880,3257061269,Der Alchimist.,Paulo Coelho,2003,"Diogenes Verlag, ZÃ?Â¼rich",10
157606,067088300X,The Girls' Guide to Hunting and Fishing,Melissa Bank,1999,Viking Books,10
496007,0671745239,MAMA : Using the Power of Pleasure to Have Your Way with the World,Terry McMillan,1991,Washington Square Press,0
509276,0380800209,Her Man Friday (Avon Light Contemporary Romances),Elizabeth Bevarly,1999,Avon,10
152694,0446679593,Suzanne's Diary for Nicholas,James Patterson,2002,Warner Books,0
83290,0385486804,Into the Wild,Jon Krakauer,1997,Anchor,9
702707,0312968949,Duplicity,Vicki Hinze,1999,St. Martin's Press,0
236188,0373691580,"Are You Lonesome Tonight? (Harlequin Temptation, No. 958)",Wendy Etherington,2004,Harlequin,0
782929,0679873562,Little Critter ABC (Little Critter),Mercer Mayer,1995,Random House Children's Books,0
566760,0380800608,Chasing Rainbow (Avon Light Contemporary Romances),Sue Civil-Brown,1999,Avon,0
1001729,0330353349,The Ice House (TV Tie-In Edition),Minette Walters,1997,McClelland &amp; Stewart,0
31816,0312278586,The Nanny Diaries: A Novel,Emma McLaughlin,2002,St. Martin's Press,0
842574,0590454366,Cousins,Virginia Hamilton,1993,Scholastic,7
565008,0753507587,When Kids Kill: Shocking Crimes of Lost Innocence (Virgin True Crime),Jonathan Paul,2003,Virgin Books Ltd.,0
214074,0142004278,Big Fish,Daniel Wallace,2003,Penguin USA (Paper),7
716778,080075445X,Personality Plus: How to Understand Others by Understanding Yourself,Florence Littauer,1992,Revell,0
36980,0553578693,The Next Accident,LISA GARDNER,2002,Bantam,7
616050,0380802201,Red Sky at Morning,Paul Garrison,2001,HarperTorch,0
763238,0440237920,The Gospel According to Larry (Readers Circle),Janet Tashjian,2003,Laurel-Leaf Books,0
479485,0804120013,In Too Deep,CHERRY ADAIR,2002,Ivy Books,5
442824,0671047507,Bloody River Blues,Jeffery Deaver,2000,Pocket,0
8402,0316748641,Pasquale's Nose: Idle Days in an Italian Town,Michael Rips,2002,Back Bay Books,0
723423,0553228668,Pacific Vortex,Clive Cussler,1982,Bantam,0
877246,0307021785,Water babies (A Little golden book),Gina Ingoglia,1990,Western Pub. Co,0
165196,8408043641,La Sombra Del Viento/The Shadow Of The Wind,Carlos Ruiz Zafon,2003,Planeta Pub Corp,7
831479,0380731126,Necronomicon Spellbook,Simon,1998,Avon,0
697677,0964498871,Oz-story 4,Eric Shanower,1998,Hungry Tiger Press,0
702085,031218087X,Digital Fortress,Dan Brown,1998,Thomas Dunne Books,6
816929,0440193443,The Vengeance Trail of Josey Wales,Forrest Carter,1980,Bantam Books (Mm),5
667605,0743448219,The Four Feathers,A.E.W. Mason,2002,Pocket,8
885021,0385296673,"Rich Men, Single Women",Pamela Beck,1988,Bantam Dell Pub Group,0
715518,034536497X,The Case of the Lucky Loser,Erle Stanley Gardner,1990,Fawcett Books,0
462814,067091021X,Year of Wonders: A Novel of the Plague,Geraldine Brooks,2001,Viking Books,9
811435,1929462093,Sluggy Freelance: Game Called on Account of Naked Chick (Book 4),Pete Abrams,2000,Plan Nine Pub,9
797754,0440241189,Cabin Fever,Marilyn Pappano,2003,Dell Publishing Company,9
689842,0091891965,Dave Gorman's Googlewhack Adventure,Dave Gorman,2004,Ebury Press,9
523075,0440117658,Deadeye Dick,"Kurt, Jr. Vonnegut",1996,Dell Publishing Company,0
642901,0375411143,The Biographer's Tale,A. S. Byatt,2001,Alfred A. Knopf,0
359921,0152164502,The Coffin Quilt: The Feud between the Hatfields and the McCoys,Ann Rinaldi,2001,Gulliver Books Paperbacks,0
108911,0446605239,The Notebook,Nicholas Sparks,1998,Warner Books,0
811277,0451184890,Justice Denied,Robert K. Tanenbaum,1995,Signet Book,0
745157,0373311311,"Country Chit (Harlequin Regency Romance, No 31)",Emily Dalton,1990,Harlequin,0
919125,0835900401,The Call of the Wild (Globe's Adapted Classics Series),Not Applicable (Na ),1992,Globe Fearon,0
368689,042519485X,Undead and Unwed (Berkley Sensation),Mary Janice Davidson,2004,Berkley Publishing Group,8
587829,0373165668,"How to Marry a Millionaire (Harlequin American Romance, No. 566)",Charlotte Maclay,1994,Harlequin,0
491707,0812522826,Letters To Jenny,Piers Anthony,1994,Tor Fantasy,10
197398,0451167317,The Dark Half,Stephen King,1994,Signet Book,7
170995,0836221192,Dilbert Fugitive From The Cubicle Police,Scott Adams,1996,Andrews McMeel Publishing,0
99489,0451183681,Harm's Way,Stephen White,1997,Signet Book,7
68203,0671880187,Kitchen,Banana Yoshimoto,1994,Washington Square Press,0
28099,0440226104,Black and Blue,ANNA QUINDLEN,1999,Dell,0
648275,067147782X,Emeralds in the Dark,Beverly Bird,1982,Pocket Books (Mm),0
136794,0312055145,Shakespeare on Love: Quotations from the Plays and Poems,William Shakespeare,1991,St. Martin's Press,0
821621,1557733414,Out of the Blue,Orel Hershiser,1990,Jove Books,0
151966,0142002267,"Word Freak: Heartbreak, Triumph, Genius, and Obsession in the World of Competitive Scrabble Players",Stefan Fatsis,2002,Penguin Books,9
632947,0671795724,"Shell Game (Star Trek, Book 63)",Melissa Crandall,1993,Star Trek,0
29733,0380973545,Letters from a Nut,Ted L. Nancy,1999,William Morrow,0
396590,0515133868,Once Upon a Kiss,Nora Roberts,2002,Jove Books,0
379167,0553569155,Seinlanguage,Jerry Seinfeld,1995,Bantam Books,7
463021,0671024086,Mesmerized,Gayle Lynds,2002,Pocket Star,0
458721,2211032133,Les joues roses,Malika Ferdjoukh,1995,L'Ecole des loisirs,0
295850,0670894605,The Secret Life of Bees,Sue Monk Kidd,2002,Viking Books,0
283556,0445407158,Nobody's Perfect,Donald E. Westlake,1989,Warner Books,8
508732,0380702843,The Return of the Indian (Indian in the Cupboard),Lynne Reid Banks,1999,HarperTrophy,9
324752,0399141464,Cause of Death,Patricia Daniels Cornwell,1996,Putnam Pub Group,0
456437,0446601616,Wyatt Earp,Dan Gordon,1994,Warner Books,8
806263,031231826X,Facing the Light,Adele Geras,2004,Thomas Dunne Books,0
270695,0425107469,Watchers,Dean R. Koontz,1996,Berkley Publishing Group,0
745971,0895297922,Heartburn and What to Do About It,James F. Balch,1998,Avery Publishing Group,0
648380,0310606705,In shady groves,Yvonne Lehman,1983,Chosen Books,0
828270,0440223601,Infinity's Child,Harry Stein,1998,Dell,0
500962,0373790694,"Fire and Ice: Legal Briefs (Harlequin Blaze, No 65)",Tori Carrington,2002,Harlequin,9
998218,847584071X,Llibre de les dones (ColÂ¨lecciÃ³ Lectures i itineraris),Jaume Roig,1988,Laertes,6
169094,0445406518,Crocodile on the Sandbank,Elizabeth Peters,1988,Warner Books,0
362447,0375500510,Black and Blue : A Novel,ANNA QUINDLEN,1998,Random House,0
170169,0452283930,Gossip Hound,Wendy Holden,2003,Plume Books,0
885740,155166626X,Country Brides,Debbie Macomber,2000,Mira,0
984860,0812078292,Spanish on the Go,On the Go Series,1992,Barrons Educational Audio,9
460722,0671004271,The Evening Star,Larry McMurtry,1996,Pocket,0
132134,055357230X,The Clinic (Alex Delaware Novels (Paperback)),Jonathan Kellerman,1999,Bantam Books,0
504763,038531826X,The Border Hostage,Virginia Henley,2001,Delacorte Press,6
993093,0962067164,Body Language Secrets: A Guide During Courtship &amp; Dating,R. Don Steele,1996,SBP (CA),0
782914,0671468111,158 POUND MARRIAGE,John Irving,1982,Pocket,0
244777,0312982615,Robert Ludlum's The Paris Option : A Covert-One Novel (A Covert-One Novel),Robert Ludlum,2003,St. Martin's Paperbacks,9
997548,1857038312,CVS for Graduates,Gerald Higginbottom,2002,Parkwest Publications,4
292064,0425174344,Local Girls,Alice Hoffman,2000,Berkley Publishing Group,0
465021,0553802186,Safe Harbor,LUANNE RICE,2002,Bantam,8
789345,3473520810,The House of the 99 Ghosts. (Ab 12 J.).,Wolfgang Ecke,2003,Ravensburger Buchverlag,0
986288,1587883279,Taking Lottie Home,Terry Kay,2001,Paperback Nova Audio,6
474894,0373272715,One of These Nights,Justine Davis,2003,Silhouette,0
15205,0385730586,Sisterhood of the Traveling Pants,ANN BRASHARES,2003,Delacorte Books for Young Readers,0
93213,0446607711,The Simple Truth,David Baldacci,1999,Warner Books,0
785023,1559722037,Her Name Is Barbara: An Intimate Portrait of the Real Barbara Streisand,Randall Riese,1993,Carol Publishing Corporation,0
350385,0679848053,The Berenstain Bears and the Bully (First Time Books),STAN BERENSTAIN,1993,Random House Books for Young Readers,9
260477,0671793535,A Rose For Her Grave &amp; Other True Cases (Ann Rule's Crime Files),Ann Rule,1993,Pocket,9
785137,0385335989,Drums of Autumn,DIANA GABALDON,2001,Delta,10
946702,0425116093,Dark Winds,Graham Watkins,1989,Berkley Pub Group,0
547910,015647123X,The kingdom of evil: A continuation of the Journal of Fantazius Mallare,Ben Hecht,1978,Harcourt Brace Jovanovich,0
873658,0486291561,Tom Sawyer (Dover Children's Thrift Classics),Mark Twain,1997,Dover Publications,0
307751,0671676369,Lily and the Major,Linda Lael Miller,1990,Pocket,0
673366,2070403696,Au Bonheur Des Ogres,Daniel Pennac,0,Folio,0
356976,0385722435,Ella Minnow Pea: A Novel in Letters,Mark Dunn,2002,Anchor Books/Doubleday,0
347896,0671832972,"The Abode of Life (Star Trek, No 6)",Lee Correy,1982,Star Trek,0
877905,0451124871,"The Whiskey Guns (Trailsman, No 21)",Jon Sharpe,1983,New American Library,0
910539,0449149226,The Christmas Night Murder (Christine Bennett Mysteries),LEE HARRIS,1994,Fawcett,0
1022270,0911274340,Rosicrucian Cosmo-Conception or Mystic Christianity,Heindel,1988,Rosicrucian Fellowship,10
346424,0590956159,"In the Time of Dinosaurs (Animorphs Megamorphs, 2)",Katherine Applegate,1998,Apple,0
660141,038080719X,Sugarplum Dead : A Death on Demand Mystery (Death on Demand Mysteries (Paperback)),Carolyn Hart,2001,Avon,0
207162,0679463321,Killing Time: A Novel of the Future,Caleb Carr,2000,Random House Trade,0
440492,0440167531,Palomino,DANIELLE STEEL,1985,Dell,0
141331,0316779237,Holidays on Ice : Stories,David Sedaris,1998,Back Bay Books,9
986227,0394513517,The Weaker Vessel,Antonia Fraser,1984,Random House Inc,8
957189,0373075774,"That Same Old Feeling (American Hero, Wide Open Spaces) (Silhouette Intimate Moments, No 7577)",Judith Duncan,1994,Silhouette,5
79823,0375707972,The Reader,Bernhard Schlink,1999,Vintage Books USA,8
571902,0747272646,Good at Games,Jill Mansell,2000,Headline,0
319413,078688942X,"Myst, The: Book of D'Ni",Rand Miller,1998,Hyperion,0
608539,0373613695,Family Secrets: Pyramid of Lies,Anne Marie Winston,2003,Silhouette,10
869597,3593372940,Die 11 Geheimnisse des ALDI- Erfolgs.,Dieter Brandes,2003,Campus Sachbuch,5
982566,0330369474,The Warrior Queen,Barbara Else,1998,Pan,0
976133,0886778700,"Ring of Destiny (Dance of the Rings, Book 3)",Jane S. Fancher,1999,Daw Books,0
490695,055334949X,Even Cowgirls Get the Blues,Tom Robbins,1990,Bantam,8
240209,0140067779,Obasan,Joy Kogawa,1983,Penguin Books,5
520398,0446530891,Split Second,David Baldacci,2003,Warner Books,8
316116,089296765X,Dead Midnight (Sharon McCone Mysteries (Hardcover)),Marcia Muller,2002,Mysterious Press,0
508581,0786864672,Pure Drivel,Steve Martin,1998,Hyperion,8
39048,0425179672,The River King,Alice Hoffman,2001,Berkley Publishing Group,0
183785,0440220602,The Chamber,John Grisham,1995,Dell Publishing Company,0
17464,155874262X,Chicken Soup for the Soul (Chicken Soup for the Soul),Jack Canfield,1993,Health Communications,0
1025733,0912514485,True Tales of the Great Lakes,Dwight Boyer,1971,"Freshwater Press, Incorporated",7
998939,1557834369,The Tragedie of King Lear (Applause Shakespeare Library Folio Texts),William Shakespeare,2000,Applause Theatre &amp; Cinema Book Publishers,10
168324,0670813028,It,Stephen King,1986,Viking Books,8
142597,0439136350,Harry Potter and the Prisoner of Azkaban (Book 3),J. K. Rowling,1999,Scholastic,10
912424,0151180407,The City of Marvels,Eduardo Mendoza,1988,Harcourt,0
1003214,0615119220,The Adventures of Gray Wolf,Don Butcher,2001,Nushatogaini Press,0
98426,0345378482,The Andromeda Strain,MICHAEL CRICHTON,1992,Ballantine Books,6
240142,006091307X,The Crying of Lot 49: A Novel (Perennial Fiction Library),Thomas Pynchon,1990,Harpercollins,5
677044,0345456483,Grail Prince,Nancy McKenzie,2003,Del Rey Books,10
378892,015640057X,"Henry and June: From \A Journal of Love\"" -The Unexpurgated Diary of Anais Nin (1931-1932)""",Anais Nin,1990,Harvest Books,0
924142,0345421477,Everybody Smokes In Hell,JOHN RIDLEY,2000,Ballantine Books,9
891786,1859840736,The Curious Enlightenment of Professor Caritat: A Comedy of Ideas,Steven Lukes,1996,Verso,7
499456,042514173X,A Cold-Blooded Business (A Kate Shugak Mystery),Dana Stabenow,1994,Berkley Publishing Group,9
46665,0451205421,The Door to December,Dean R. Koontz,2002,Signet Book,0
569434,0877220700,Children's Literature (Children's Literature (Paperback)),Modern Language Association Group On Chi,1976,Temple University Press,0
3664,0345417623,Timeline,MICHAEL CRICHTON,2000,Ballantine Books,10
868889,0307240177,Pond Life,George K. Reid,1967,St Martins Pr,0
920358,8483100681,Por Si Algo Me Ocurriera,Georges Simenon,2002,Tusquets,8
137766,0671468464,King Lear,William Shakespeare,1999,Pocket Books,0
629524,091721403X,The Lincoln Conspiracy,Dave Balsiger,1977,Schick Sun Classic Books,0
310127,0064472795,"Princess in the Spotlight (The Princess Diaries, Vol. 2)",Meg Cabot,2002,HarperTrophy,5
506820,0865713774,"Daughters of the Moon, Sisters of the Sun: Young Women &amp; Mentors on the Transition to Womanhood",Linda Wolf,1997,New Society Publishers,10
983235,0062514555,The Enneagram of Parenting : The 9 Types of Children and How to Raise Them Successfully,Elizabeth Wagele,1997,HarperSanFrancisco,8
389413,0380809389,Murder Carries a Torch : A Southern Sisters Mystery (Southern Sisters Mysteries (Paperback)),Anne George,2001,Avon,0
750988,0740721356,Calvin and Hobbes:  Sunday Pages 1985-1995,Bill Watterson,2001,Andrews McMeel Publishing,10
798692,9023404351,Dubbelspel (Literaire reuzenpocket 435),Frank Martinus,1973,De Bezige Bij,0
453097,0446527033,The Switch,Sandra Brown,2000,Warner Books,7
100250,0060922532,Pigs in Heaven,Barbara Kingsolver,1994,Perennial,7
129059,0425143325,Without Remorse,Tom Clancy,2004,Berkley Publishing Group,0
68211,0671880187,Kitchen,Banana Yoshimoto,1994,Washington Square Press,0
940713,0517575027,Remember Who You Are: Stories About Being Jewish,Esther Rudomin Hautzig,1990,Daedalus Books,0
26801,044021145X,The Firm,John Grisham,1992,Bantam Dell Publishing Group,7
803836,344245459X,Die gÃ?Â¶ttlichen Geheimnisse der Ya- Ya- Schwestern. Filmausgabe.,Rebecca Wells,2002,Goldmann,0
512198,0590440985,Tracker,Gary Paulsen,0,Scholastic Inc,0
299856,0192760319,Oxford Book of Poetry for Children,Brian Wildsmith,1982,Oxford Univ Pr,5
862034,0373072562,"Chain Lightning (Intimate Moments, No 256)",Elizabeth Lowell,1988,Silhouette,0
98184,0441328008,"Heretics of Dune (Dune Chronicles, Book 5)",Frank Herbert,1996,ACE Charter,8
322176,0679457526,Into Thin Air : A Personal Account of the Mount Everest Disaster,JON KRAKAUER,1997,Villard,8
152584,0064407314,Monster (rpkg),Walter Dean Myers,2001,Amistad,10
422937,0140131558,"The New York Trilogy: City of Glass, Ghosts, the Locked Room (Contemporary American Fiction Series)",Paul Auster,1994,Penguin Books,8
409124,0385306040,Malice,Danielle Steel,1996,Delacorte Press,7
157427,0553574671,Prime Cut,Diane Mott Davidson,2000,Bantam Books,0
395775,1551669412,Hot Shot,Charlotte Hughes,2002,Mira,8
670400,0373834357,"Family Men (Midnight Sons, Volume 2)",Debbie Macomber,2000,Harlequin,0
569497,1878542036,How to Deal with Difficult People,Paul G. Friedman,1994,Skillpath Publications,7
696399,0399142045,True Beauty: Positive Attitudes and Practical Tips from the World's Leading Plus-Size Model,Emme,1997,Putnam Publishing Group,8
774147,0451524993,Washington Square,Henry James,1995,Signet Classics,0
244069,0140092323,Lake Wobegon days,Garrison Keillor,1986,Penguin Books,0
80203,0345446860,Back When We Were Grownups : A Novel (Ballantine Reader's Circle),ANNE TYLER,2002,Ballantine Books,0
501726,0061099759,Season of the Swan : A Novel by,Evan Maxwell,1998,HarperTorch,0
46570,0812521331,"People of the Wolf (The First North Americans series, Book 1)",W. Michael Gear,1992,Tor Books,6
13592,0345311396,Private Screening,Richard North Patterson,1994,Ballantine Books,0
771913,0310220823,"Zondervan Compact Bible Dictionary, The",T. Alton Bryant,1976,Zondervan,0
929463,0439411149,The Summer of Riley,Eve Bunting,2002,Scholastic,8
243628,1558743316,A 2nd Helping of Chicken Soup for the Soul (Chicken Soup for the Soul Series (Paper)),Jack Canfield,1994,Health Communications,0
497928,0689826990,Hatchet,Gary Paulsen,1999,Simon Pulse,8
296775,0380710722,It's Always Something,Gilda Radner,1990,Avon,0
653503,0803283598,Black Elk Speaks: Being the Life Story of a Holy Man of the Oglala Sioux,John G. Neihardt,1988,University of Nebraska Press,8
511604,0140186409,The Grapes of Wrath (20th Century Classics),John Steinbeck,1992,Penguin Books,0
187635,096788330x,Duncan Delaney and the Cadillac of Doom,A. L. Haskett,2000,Jonlin Books,0
545944,0312966172,A Long Walk Up the Water Slide (A Neal Carey Mystery),Don Winslow,1998,St. Martin's Paperbacks,9
434575,0671880608,Until You,Judith McNaught,1995,Pocket,0
1001814,0843921668,Wolf Tracks,David Case,1984,Banner of Truth,8
312490,0441002935,The Lunatic Cafe (Anita Blake Vampire Hunter (Paperback)),Laurell K. Hamilton,2001,ACE Charter,0
466533,0671657151,CLOSING OF THE AMERICAN MIND,Allan Bloom,1988,Simon &amp; Schuster,7
802515,1853260185,Othello (Wordsworth Classics),William Shakespeare,1997,NTC/Contemporary Publishing Company,9
623756,0812583418,Angel Fire,Andrew M. Greeley,2004,Tor Books,7
710558,0472088491,"Bad Boys : Public Schools in the Making of Black Masculinity (Law, Meaning, and Violence)",Ann Arnett Ferguson,2001,UMP,5
555384,0679721274,Complete Fawlty Towers,John Cleese,1989,Pantheon Books,0
593380,3596152453,Karibu heiÃ?Â?t willkommen. Roman aus Afrika.,Stefanie Zweig,2002,"Fischer (Tb.), Frankfurt",0
500749,1551665107,Jane Doe,R.J. Kaiser,1999,Mira,0
977348,1566040841,The PC Internet Tour Guide: Cruising the Internet the Easy Way/Book and Disk,Michael Fraase,1994,Ventana Pr,0
77832,0380600129,The Indian in the Cupboard,Lynne Reid Banks,1999,HarperTrophy,9
767669,2264032804,L'Affaire Bernini,Iain Pears,2002,10/18,0
850589,0312263465,Josephine : A Life of the Empress,Carolly Erickson,2000,St. Martin's Griffin,7
444255,0380789876,Jade Island (Donovan),Elizabeth Lowell,1999,Avon,0
746657,0451522753,Little Men,Louisa May Alcott,1993,Signet Classics,0
377786,0399142401,Sanctuary,Nora Roberts,1997,Putnam Publishing Group,8
534841,0451627261,The Classic Slave Narratives,Henry Louis Gates,1987,Mentor Books,8
602735,0380455676,The Second Son,Charles Sailor,1979,Avon Books,0
663208,0618004076,Becoming Madame Mao,Anchee Min,2000,Houghton Mifflin Company,7
24125,006101351X,The Perfect Storm : A True Story of Men Against the Sea,Sebastian Junger,1998,HarperTorch,0
953861,0553580973,"Broken Vows (Daniells, Cory. Last T'en Trilogy, Bk. 1.)",Cory Daniells,1999,Bantam Books,7
147721,0684865742,Tis: A Memoir,Frank McCourt,2000,Scribner,7
863862,014100522X,Head over Heels in the Dales (Dales Series),Gervase Phinn,2003,Penguin Books,8
713957,0373289944,"Temple'S Prize (Harlequin Historical Romances, No 394)",Linda Castle,1997,Harlequin,5
106192,0140298479,Bridget Jones: The Edge of Reason,Helen Fielding,2001,Penguin Books,0
291425,0061032476,Twelve Times Blessed,Jacquelyn Mitchard,2004,HarperTorch,0
352776,1561703184,Confidence: Finding It and Living It,Barbara De Angelis,1995,Hay House,0
266710,0440153166,Looking for Rachel Wallace,ROBERT PARKER,1987,Dell,0
418309,0449237613,Hawaii,James A. Michener,1982,Not Avail,0
970288,0373195427,"Cinderella After Midnight (The Cinderella Conspiracy) (Silhouette Romance, No. 1542)",Lilian Darcy,2001,Silhouette,0
240931,0451187261,Matters of Choice,Noah Gordon,1997,Signet Book,0
835147,0375812709,"The Goofy Goony Guy (A Stepping Stone Book, Grades 1-3)",STAN BERENSTAIN,2001,Random House Books for Young Readers,0
405163,0451196716,The Long Walk,Stephen King,1999,Signet Book,0
245277,0515129933,The Scottish Bride (Bride Trilogy (Paperback)),Catherine Coulter,2001,Jove Books,0
617625,0440209633,One Wore Blue,Heather Graham,1991,Dell Publishing Company,10
782930,0679873589,Little Critter Colors (Little Critter),Mercer Mayer,1995,Random House Children's Books,0
20072,044023722X,A Painted House,John Grisham,2001,Dell Publishing Company,0
429019,0064405737,Julie (Julie of the Wolves),Jean Craighead George,1996,HarperTrophy,0
683197,0449128725,Birthright,Joseph Amiel,1986,Fawcett Books,0
695852,0380975300,"White Elephant Dead: A Death on Demand Mystery (Hart, Carolyn G. Death on Demand.)",Carolyn G. Hart,1999,William Morrow &amp; Company,0
34579,0385490992,The Street Lawyer,John Grisham,1998,Doubleday Books,0
529942,0446354732,Nothing Lasts Forever,Sidney Sheldon,1995,Warner Books,0
504719,0679736328,Suttree (Vintage Contemporaries),Cormac McCarthy,1992,Vintage Books USA,0
734985,0373484631,Brides to Be (2 Novels in 1),Diana Palmer,2002,Silhouette,5
755923,0932956084,Landlording: A handymanual for scrupulous landlords and landladies who do it themselves (The Landlording series),Leigh Robinson,1986,ExPress,0
102649,880781210X,iI Paradiso Degli Orchi,Daniel Pennac,1994,Universale Economica Feltrinelli,0
479068,0679418229,Miracle in Seville,James A. Michener,1995,Random House Inc,0
12208,0451525221,Scarlet Letter,Nathaniel Hawthorne,1993,Signet Book,0
571048,0671032992,Heartbreaker,Julie Garwood,2000,Atria,0
461991,0330330276,English Patient,Michael Ondaatje,0,Pan Books Ltd,8
216053,0440209986,Not Exactly a Brahmin,Susan Dunlap,1991,Dell,0
628765,0786860987,Act of Betrayal,Edna Buchanan,1996,Hyperion Press,9
395984,0451197550,The Hand That Rocks the Ladle: A Pennsylvania Dutch Mystery With Recipes (Pennsylvania Dutch Mysteries with Recipes (Paperback)),Tamar Myers,2000,Signet Book,0
1019461,0553209299,The absolutely last official Polish joke book,Larry Wilde,1983,Bantam,0
49000,0440222818,Guilt,John T. Lescroart,1998,Island,0
730627,2070376117,Harold et Maude,Colin Higgins,1984,Gallimard,8
752993,0671039571,The Badlands Book One of Two (Star Trek),Susan Wright,1999,Star Trek,0
607484,044017158X,Random Winds,Belva Plain,0,Bantam Doubleday Dell,7
153805,0380725835,Endangered Species (Anna Pigeon Mysteries (Paperback)),Nevada Barr,1998,Avon,0
834056,0307801608,Pinky's first spring day (A First little golden book),Amye Rosenberg,1989,Western Pub. Co,0
517564,0743400585,Tea,Stacey D'Erasmo,2001,Washington Square Press,0
435547,0743224914,Christmas in Plains : Memories,Jimmy Carter,2001,Simon &amp; Schuster,8
639125,0380779412,Cook With Tofu,Christina Clarke,1984,Harpercollins,0
683365,0425068048,They Came to Baghdad,Agatha Christie,1994,Berkley Publishing Group,0
524790,0060393211,Running in Heels: A Novel,Anna Maxted,2001,ReganBooks,0
516573,076111937X,Amazing Gracie,Dan Dye,2000,Workman Publishing,0
145026,1551669307,A Gift To Last,Debbie Macomber,2002,Mira,0
307705,067187098X,For the Roses,Julie Garwood,1996,Pocket,0
739227,0688103111,Neither Here Nor There: Travels in Europe,Bill Bryson,1992,Harpercollins,0
343497,0440168724,A Perfect Stranger,Danielle Steel,1983,Dell,0
964144,0198128169,The Oxford Illustrated History of English Literature,Pat Rogers,1987,Oxford University Press,5
234262,0446607657,When the Wind Blows,James Patterson,1999,Warner Vision,8
134659,0451207378,Ravished (Signet Historical Romance),Virginia Henley,2002,Signet Book,0
758922,0764551302,Gardening for Dummies,Mike  MacCaskey,1999,For Dummies,0
918573,0439474361,Scholastic Atlas of the United States,David Rubel,2003,Scholastic Reference,0
234662,0345354613,Eaters of the Dead,MICHAEL CRICHTON,1988,Ballantine Books,9
570136,0312962452,Medusa's Child,John J. Nance,1997,St. Martin's Press,0
684926,0440503647,Car Talk,Tom Magliozzi,1991,Bantam Dell Pub Group,8
869575,2020367157,Les quatre fils du docteur March,Brigitte Aubert,1999,Seuil,7
845655,1895897734,Stupid Boys Are Good to Relax With,Susan Swan,0,Sommerville House,0
924497,0446679879,The Fall of Light,Niall Williams,2003,Warner Books,8
673144,0486414159,The Tale of Genji,Murasaki Shikibu,2000,Dover Publications,0
803559,0671864238,NIGHT &amp; DAY : A Novel,John Leslie,1996,Pocket,0
782571,0201484048,How Children Learn (Classics in Child Development),John Caldwell Holt,1995,Perseus Publishing,9
834425,0394835700,Animal Babies,HARRY MCNAUGHT,1977,Random House Books for Young Readers,0
639120,0553083104,"Serpent Mage (The Death Gate Cycle, Vol 4)",Margaret Weis,1992,Bantam Dell Pub Group,8
685466,0746030606,Esp? (Usborne Paranormal Guides (Paperback)),Kate Needham,1999,E.D.C. Publishing,0
830354,0517053233,New Poetry Series : Poems of Flowers,Gail Harvey,1991,Random House Value Publishing,10
938328,158586059X,Twisting the Rope,Roberta A. MacAvoy,2002,ereads.com,8
597509,0316912123,"All I Want Is Everything (Gossip Girl, 3)",Cecily von Ziegesar,2003,"Little, Brown",10
978824,1572242086,Undefended Love: The way that you felt about yourself when you first fell in love is the way that you can feel all the time,Jett Psaris,2000,New Harbinger Publications,0
930802,076790043X,50 Best Mashed Potatoes (365 Ways Series),Sarah Reynolds,1997,Broadway Books,0
541382,0440217490,A Dangerous Fortune,Ken Follett,1994,Island,0
985547,0812923863,The President's Health Security Plan: The Complete Draft and Final Reports of the White House Domestic Policy Council,White House Domestic Policy Council,1993,Times Books,0
973926,226602583X,Une Vie De Boy,F. Oyono,1970,Distribooks Inc,0
363147,0140440488,Plato: The Republic (Penguin Classics),Plato,1955,Penguin Books,0
981255,0060926503,Fever: Sensual Stories by Women Writers,Michele Slung,1995,Perennial,0
637430,1567182836,"Beltane: Springtime Rituals, Lore and Celebration",Raven Grimassi,2001,Llewellyn Publications,0
153266,0802130208,A Confederacy of Dunces (Evergreen Book),John Kennedy Toole,1987,Grove Press,8
779730,0156028492,Madame Maigret's Own Case,Georges Simenon,2003,Harvest Books,0
310079,0064403688,Jacob Have I Loved,Katherine Paterson,1990,HarperTrophy,6
919966,0312261241,Ashes of the Elements,Alys Clare,2001,Thomas Dunne Books,5
792699,044669049X,"The pH Miracle: Balance Your Diet, Reclaim Your Health",Robert O. Young,2003,Warner Books,0
250809,037322771X,Just Before Dawn (Harlequin Intrigue Series),Joanna Wayne,2004,Harlequin,0
250272,0590060198,The BFG,Roald Dahl,1982,Scholastic Inc.,0
238261,0684815028,MAN IN THE QUEUE,Josephine Tey,1995,Touchstone,7
189306,0671014196,The Summerhouse,Jude Deveraux,2002,Pocket,0
574686,0440844444,Julie of the Wolves,Jean Craighead George,1986,Dell Publishing Company,0
367427,0316777722,Me Talk Pretty One Day,David Sedaris,2000,"Little, Brown",9
522786,0330246674,Porterhouse Blue,Tom Sharpe,0,Pan Books Ltd,0
1010399,8478072950,"La guerra de Granada, 1482-1491 (Los libros de la estrella)",Miguel Angel Ladero Quesada,2001,"SecciÃ³n de Publicaciones, DiputaciÃ³n de Granada",0
82063,0440224764,The Partner,John Grisham,1998,Dell Publishing Company,0
1008934,0517539586,Shadows on the Sceptered Isle,Joanne Stang,1980,Random House Value Pub,0
437776,155166674X,Between Friends,Debbie Macomber,2003,Mira Books,0
602424,0893754153,The Invisible Man,H. G. Wells,1993,Troll Communications,0
149258,0399143947,Point of Origin,Patricia Daniels Cornwell,1998,Putnam Pub Group,0
108375,0385424736,The Rainmaker,John Grisham,1995,Doubleday Books,0
1028515,0500203377,Hindu Art and Architecture (World of Art),George Michell,2000,Thames &amp; Hudson,8
389121,0553291955,The Thin Woman,Dorothy Cannell,1992,Crimeline,0
399757,0446612510,The Fourth Perimeter,Tim Green,2003,Warner Books,8
29069,0805063897,Nickel and Dimed: On (Not) Getting By in America,Barbara Ehrenreich,2002,Owl Books,8
302617,0062515845,The Invitation,Oriah Mountain Dreamer,1999,Harper SanFrancisco,10
13006,3257216416,Der Tod kommt schnell in Mexico. ErzÃ?Â¤hlungen.,Ray Bradbury,1988,Diogenes Verlag,7
971897,0747255369,Maggie's Market,Dee Williams,2001,Trafalgar Square,0
384257,0843951710,Possessions,James A. Moore,2004,Leisure Books,4
615847,0671884271,"BLACK BETTY : Featuring an Original Easy Rawlins Short Story \Gator Green\"" (Easy Rawlins Mysteries (Paperback))""",Walter Mosley,1995,Pocket,0
886078,0739407228,Everyday money: How to manage your money the smart and easy way,J. M Fenster,2000,GuildAmerica Books,7
96978,038082101X,Daughter of Fortune: A Novel,Isabel Allende,2001,HarperTorch,0
286281,1558745157,The Lost Boy: A Foster Child's Search for the Love of a Family,Dave Pelzer,1997,Health Communications,0
288417,1561797111,Gianna: Aborted... and Lived to Tell About It (Living Books),Jessica Shaver,1999,Bethany House Publishers,9
64455,0441003257,Good Omens,Neil Gaiman,1996,Ace Books,9
383140,0349114021,Bilgewater,Jane Gardham,2001,Little Brown UK Ltd,0
389835,0446608270,The Last Victim : A True-Life Journey into the Mind of the Serial Killer,Jason Moss,2000,Warner Vision,0
898547,0449141349,DM Driving Mth Up Wal,Ketcham,1981,Not Avail,8
289801,0425163407,Unnatural Exposure,Patricia Daniels Cornwell,1998,Berkley Publishing Group,7
561708,0373762992,"Cowboy Meets His Match (Matched In Montana) (Desire, 1299)",Megan McKinney,2000,Silhouette,0
265887,067972754X,Dictionary of the Khazars (F) (Vintage International),MILORAD PAVIC,1989,Vintage,5
977229,0671525662,Endgame: A Novel (Doom #4),Dafydd ab Hugh,1996,Pocket Star,4
631810,0553575090,Deception on His Mind,ELIZABETH GEORGE,1998,Bantam,10
153939,0060199652,Prodigal Summer,Barbara Kingsolver,2000,HarperCollins,0
201687,0380712369,Strider (Cleary Reissue),Beverly Cleary,1992,HarperTrophy,8
715958,0770426182,Smilla's Sense of Snow,Peter Hoeg,1994,Bantam Books,0
428632,0671541501,"Time's Enemy (Star Trek Deep Space Nine: Invasion, Book 3)",L.A. Graf,1996,Star Trek,0
1009311,0590596446,Michael Jordan (Scholastic Biography),Chip Lovitt,1998,Scholastic Paperbacks,0
354330,0373250533,The Matzo Ball Heiress (Red Dress Ink),Laurie Gwen Shapiro,2004,Red Dress Ink,0
1011004,0866119957,The Invisible Man (Great Illustrated Classics),Malvina G. Vogel,1995,Playmore Inc. Publishers,7
864348,0689116128,BE TRUE TO YOUR SCHOOL,Bob Greene,1987,Scribner,0
120125,034545104X,Flesh Tones: A Novel,M. J. Rose,2002,Ballantine Books,0
969945,0895777002,Elmo's Alphabet (Sesame Street Educational Book),Michaela Muntean,1993,Sesame Street Reader's Digest Kids Book,0
83614,0440236673,The Brethren,John Grisham,2000,Island,0
803213,0786881186,Jane Eyre (Miramax Books),Charlotte Bronte,1996,Hyperion Books,0
501120,0802130720,100 Selected Poems by E. E. Cummings,E. E. Cummings,1959,Grove Press,8
850085,0553286293,The Mutant Season,Robert Silverberg,1990,Spectra Books,0
851561,0553202944,Comstock Lode,Louis Lamour,1982,Bantam Doubleday Dell,0
118392,0553277839,Faerie Tale,Raymond E. Feist,1989,Bantam,0
560875,0312977263,A Conventional Corpse : A Claire Malloy Mystery (A Claire Malloy Mystery),Joan Hess,2001,St. Martin's Paperbacks,0
888434,0553570021,Return of the Evil Twin (Sweet Valley High Super Edition),Kate William,1995,Sweet Valley,9
482034,0553294903,Divine Evil,NORA ROBERTS,1992,Bantam,0
505320,3596150981,Schande,J. M. Coetzee,2002,Distribooks,10
755037,0060086645,"Scimitar SL-2 (Robinson, Patrick)",Patrick Robinson,2004,HarperCollins,3
997287,1587217007,"Nicholas Bing, the Popcorn King",Janet L. Weilein,2000,1stBooks Library,0
226872,0451628047,Inferno (Mentor),Dante Alighieri,1993,Mentor Books,0
30123,0060915544,The Bean Trees,Barbara Kingsolver,1989,Perennial,10
574757,0671737619,A Kingdom of Dreams,Judith McNaught,1991,Pocket,5
900269,055328553X,Golden Thread,Suzy Charnas,1990,Starfire,0
914011,0500810028,Tao: The Chinese Philosophy of Time and Change,"Philip and Legeza, Laszlo Rawson",1984,W W Norton &amp; Co Inc,9
527729,0440215935,Hunter's Moon,Karen Robards,1996,Dell Publishing Company,8
1013862,0393003280,Primitive Rebels: Studies in Archaic Forms of Social Movement in the 19th and 20th Centuries,Eric J. Hobsbawm,1965,W. W. Norton &amp; Company,0
686121,0373264313,Dismal Mountain (Worldwide Library Mysteries),John Billheimer,2002,Worldwide Library,0
988620,848971584X,Asi Hablo Zaratustra,Friedrich Nietzsche,1999,Libsa,0
11292,0060976845,Little Altars Everywhere: A Novel,Rebecca Wells,1996,Perennial,0
386828,0345350685,The Autobiography of Malcolm X,Malcolm X,1989,Ballantine Books,8
221356,0316603570,3rd Degree,James Patterson,2004,"Little, Brown",0
852195,0671880012,ADDAMS FAMILY VALUES : ADDAMS FAMILY VALUES,Ann Hodgman,1993,Aladdin,0
66408,0552996009,Notes From a Small Planet,Bill Bryson,0,Bantam Doubleday Dell,6
914620,0688169066,The Inland Sea,Steven Varni,2000,William Morrow &amp; Company,10
172539,0373484887,Hidden Star (The Star Series),Nora Roberts,2001,Silhouette,0
826533,0439095557,Helen Keller (In Their Own Words (Paper)),George Sullivan,2001,Scholastic Reference,0
23431,0875421288,"The Complete Book of Incense, Oils &amp; Brews (Llewellyn's Practical Magick)","Scott, Cunningham",1989,Llewellyn Publications,0
242480,0446608378,Thunderhead,Douglas Preston,2000,Warner Books,0
829590,0394826833,Richard Scarry's Find Your ABC's (Random House Picturebacks),Richard Scarry,1973,Random House Children's Books,9
255213,0380819651,Tiles and Tribulations (Den of Antiquity Mysteries),Tamar Myers,2003,Avon,8
132245,0399142282,Hornet's Nest,Patricia Daniels Cornwell,1997,Putnam Publishing Group,7
748340,0062504363,We : Understanding the Psychology of Romantic Love,Robert A. Johnson,1985,HarperSanFrancisco,8
859942,0870119516,Entertaining With a Japanese Flavor,Kiyoko Konishi,1997,Kodansha Amer Inc,9
210862,0061013315,The Eleventh Commandment,Jeffrey Archer,1999,HarperTorch,0
377075,0066214440,Enemy Women: A Novel,Paulette Jiles,2002,William Morrow &amp; Company,0
554284,2290302155,Debout les morts,Fred Vargas,2000,J'ai lu,0
754175,0553273477,Emerald Eyes,Daniel Keys Moran,1988,Spectra Books,8
134338,0679749861,Race Matters,Cornel West,1994,Vintage Books USA,9
969594,1565653874,The Ultimate Sleep-Over Book,Kayte Kuch,1996,McGraw Hill Children's Pub,9
812359,093093430X,Teenage Marriage: Coping with Reality,Jeanne Warren Lindsay,1988,Morning Glory Press (CA),0
731888,0671042432,"Restoration (Star Trek New Frontier: Excalibur, Book 3)",Peter David,2000,Star Trek,0
183558,0451184963,Insomnia,Stephen King,1995,Signet Book,10
746444,0671793446,BEYOND MOTHERHOOD:CHOOSING A LIFE WITHOUT CHILDREN : Life with a Difficult or Damaged Sibling,Jeanne Safer,1996,Pocket,0
187180,2253140589,Amerigo : RÃ?Â©cit d'une erreur historique,StÃ?Â©fan Zweig,1997,LGF,8
654995,0812577809,Maze of Worlds (House of Doors series),Brian Lumley,1999,Tor Books,0
969861,0898798124,The Writer's Guide to Everyday Life in Regency and Victorian England: From 1811-1901 (Writer's Guide to Everyday Life),Kristine Hughes,1998,Writer's Digest Books,10
656978,0446677086,Something More: Excavating Your Authentic Self,Sarah Ban Breathnach,2000,Warner Books,8
462000,0785268103,The Last Star: A Novel,William Proctor,2000,WestBow Press,8
445099,0743480716,Underworld : Book 1,Greg Cox,2003,Pocket Star,0
526941,0517884941,Moosewood Restaurant Low-Fat Favorites: Flavorful Recipes for Healthful Meals,Pam Krauss,1996,Clarkson N Potter Publishers,0
505215,0517595338,203 Ways to Drive a Man Wild in Bed,Olivia St. Claire,1993,Harmony,5
57414,0345422392,Vittorio the Vampire: New Tales of the Vampires,Anne Rice,2001,Ballantine Books,6
844460,1853261238,The Happy Prince &amp; Other Stories,Oscar Wilde,1999,Wordsworth Editions Ltd,8
321743,0671004239,The Locket,Richard Paul Evans,2000,Pocket,0
2500,0971880107,Wild Animus,Rich Shapero,2004,Too Far,0
444066,0671003348,Come the Spring (Clayborne Brothers),Julie Garwood,1998,Pocket,7
881613,1551100967,The Sinbuster of Smoky Burn: The Memoirs of a Student Minister on the Prairies,Hugh W. McKervill,1993,Graphic Arts Center Pub Co,0
411252,0373098596,"Hardhearted (That Special Woman!) (Silhouette Special Edition No, 9859)",Bay Matthews,1993,Silhouette,6
694729,0375713808,"Crossed Over : A Murder, A Memoir",BEVERLY LOWRY,2002,Vintage,8
971892,031206490X,The Welcome Light,Jessica Stirling,1991,St Martins Pr,10
505505,1559120177,Down in the Garden,Anne Geddes,1996,Cedco Pub,0
699708,1576736385,Spring Rain (Seaside Season #1),Gayle Roper,2001,Multnomah,10
69794,0385510438,The Last Juror,John Grisham,2004,Doubleday,0
108697,067170091X,Endless Night,Agatha Christie,1990,Pocket Books,0
411,0440234743,The Testament,John Grisham,1999,Dell,7
47034,0345391802,The Hitchhiker's Guide to the Galaxy,Douglas Adams,1995,Ballantine Books,0
190373,0679405283,The Tale of the Body Thief (Vampire Chronicles),Anne Rice,1992,Alfred A. Knopf,5
454773,0394178009,A confederacy of dunces,John Kennedy Toole,1981,Distributed by Random House,0
369234,0061080969,Something's Cooking (Angie Amalfi Mysteries),Joanne Pence,1993,HarperTorch,0
430527,0380733358,Eye of the Needle,Ken Follett,2000,Avon,7
868397,157322913X,The Virgin of Bennington,Kathleen Norris,2002,Riverhead Books,6
666127,0307130754,Animal Nursery Tales,Richard Scarry,1996,Golden Books,0
697573,1929374143,A Ghost Among Us,Debora Elizabeth Hill,2003,Firemountain Pr,0
687878,0394558502,Blundering into Disaster: Surviving the First Century of the Nuclear Age,Robert S. McNamara,1986,Random House Inc,0
577696,0525947051,The First Law,John Lescroart,2003,Dutton Books,0
90183,0446611611,City of Bones,Michael Connelly,2003,Warner Books,8
56107,038001503X,One Hundred Years of Solitude,Gabriel Garcia Marquez,1970,Avon Books,0
331967,0446363251,"Scarlett : The Sequel to Margaret Mitchell's \Gone With the Wind\""""",Alexandra Ripley,1992,Warner Books,0
782306,0865476020,As I Live and Breathe: Notes of a Patient-Doctor,Jamie Weisman,2002,North Point Press,0
116826,0316168688,The Dogs of Babel (Today Show Book Club #12),Carolyn Parkhurst,2003,"Little, Brown",8
275496,0553260960,"The Mammoth Hunters (Auel, Jean M. , Earth's Children.)",Jean M. Auel,1986,Bantam Books,5
654514,0684854961,Walter Benjamin at the Dairy Queen : Reflections at Sixty and Beyond,Larry McMurtry,1999,Simon &amp; Schuster,5
401499,0446602620,Blood Work,Michael Connelly,1998,Warner Books,0
525232,1551669013,Ask Anyone,Sherryl Woods,2002,Mira Books,8
263640,0446329894,If Tomorrow Comes,Sidney Sheldon,1986,Warner Books> C/o Little Br,5
282089,0515128546,Tears of the Moon (Irish Trilogy),Nora Roberts,2000,Jove Books,0
579072,0441662536,Phule's Paradise (Phule's Company),Robert Asprin,1996,Ace Books,0
930361,0805041044,Songdogs: A Novel,Colum McCann,1995,Henry Holt &amp; Co,0
57348,0446604801,Jack &amp; Jill (Alex Cross Novels),James Patterson,1997,Warner Books,5
594356,0061057096,Hammerfall,C. J. Cherryh,2002,Eos,8
217991,0684800713,Sun Also Rises,Ernest Hemingway,1995,Scribner,0
961936,1561705357,"\Life Was Never Meant to Be a Struggle\""""",Stuart Wilde,1998,Hay House,10
478484,0451405676,Till the End of Time: A Love Story,Judith Gould,1999,Onyx Books,0
333327,0515124621,Then Came Heaven,LaVyrle Spencer,1999,Jove Books,5
221744,0380792745,The Lust Lizard of Melancholy Cove,Christopher Moore,2000,Perennial,0
611317,0812513428,The Hawthorne Group,Thomas Hauser,1993,Tor Books,0
76226,0345339703,"The Fellowship of the Ring (The Lord of the Rings, Part 1)",J.R.R. TOLKIEN,1986,Del Rey,10
902100,0375705333,Looking for Lovedu: A Woman's Journey Across Africa,Ann Jones,2002,Vintage Books USA,0
1019626,0061013854,The Complete Herbal Companion: Natural Solutions for You and Your Family,Elizabeth Burch,2000,HarperTorch,0
140813,068484477X,STONES FROM THE RIVER,Ursula Hegi,1997,Touchstone,0
637736,0671867296,Imzadi (Star Trek: The Next Generation),Peter David,1993,Star Trek,0
656755,0671741926,The Mote in God's Eye,Larry Niven,1991,Pocket,10
699013,0312878842,Requiem for the Sun (The Symphony of Ages),Elizabeth Haydon,2002,Tor Books,9
910770,0440194148,Wheels,Arthur Hailey,1991,Dell Publishing Company,0
560772,0399131213,Break in,Dick Francis,1986,Putnam Pub Group,9
288108,1573222267,Blue Shoe,Anne Lamott,2002,Riverhead Books,8
173570,0440226414,Fortune's Hand,Belva Plain,2000,Dell Publishing Company,6
501780,0553564684,Star Wars: Tales from the Mos Eisley Cantina (Star Wars (Random House Paperback)),Kevin J. Anderson,1995,Bantam,0
834760,1857987489,Revelation Space (Gollancz SF S.),Alastair Reynolds,2001,Gollancz,0
252058,0671727583,Smart Women,Judy Blume,1990,Pocket Books,0
972052,0140430210,The Expedition of Humphry Clinker (English Library),Tobias Smollett,1967,Penguin Books,6
812198,0553291920,Everything You Need to Know About Prozac,Jeffrey M. Jonas,1991,Bantam Books,0
341273,0553569074,Wouldn't Take Nothing for My Journey Now,Maya Angelou,1994,Bantam Books,0
153928,0060199652,Prodigal Summer,Barbara Kingsolver,2000,HarperCollins,0
245798,0345422406,Merrick (Vampire/Witches Chronicles),Anne Rice,2001,Ballantine Books,8
460617,0140621571,The Diary of a Nobody (Penguin Popular Classics),George Grossmith,1995,Penguin Books Ltd,0
391678,0451141083,Mindbend,Robin Cook,2001,Signet Book,2
64087,0312274572,No One Thinks of Greenland,John Griesemer,2001,Picador USA,0
776312,0380733196,Welcome to the Ark,Stephanie S. Tolan,2000,HarperTempest,0
225700,0385471106,Good Bones and Simple Murders,MARGARET ATWOOD,2001,Nan A. Talese,0
331897,0440117437,Now and Forever,Danielle Steel,1978,Dell,0
1005309,0453005667,The Goldbecks' Guide to Good Food,Nikki Goldbeck,1987,New Amer Library,0
773769,0312971435,The Cold Truth,Jonathan Stone,2000,St. Martin's Paperbacks,0
970243,0821747282,Rogue's Lady (Zebra Lovegram Historical Romance),Scotney St. James,1994,Zebra Books,0
419641,0316693715,Jack and Jill: A Novel,James Patterson,1996,Little Brown &amp; Co,0
21013,0380730138,Vinegar Hill (Oprah's Book Club (Paperback)),A. Manette Ansay,1998,Perennial,6
728419,0451180682,Murder for Father,Martin H. Greenberg,1994,New Amer Library (Mm),0
840363,0590449982,Quickie Comebacks,Katy Hall,1992,Scholastic Paperbacks (Mm),0
476659,0698115813,Thunder Cake,Patricia Polacco,1997,PaperStar Book,0
815101,0393057925,Breaking the Tongue: A Novel,Vyvyane Loh,2004,W.W. Norton &amp; Company,9
848949,0140327746,Pippi Goes on Board,Astrid Lindgren,1988,Penguin USA,7
285286,0451160525,"The Gunslinger (The Dark Tower, Book 1)",Stephen King,1994,New American Library,0
630020,1557735387,Dream House,E. Patrick Murray,1991,Diamond/Charter,0
298486,0345444019,The Raven Warrior (Tales of Guinevere),Alice Borchardt,2003,Del Rey Books,0
